"Program","Year","Period","Week Ending","Geo Level","State","State ANSI","Ag District","Ag District Code","County","County ANSI","Zip Code","Region","watershed_code","Watershed","Commodity","Data Item","Domain","Domain Category","Value","CV (%)"
"SURVEY","2021","YEAR","","COUNTY","NEW YORK","36","CENTRAL","50","CAYUGA","011","","","00000000","","CORN","CORN, GRAIN - ACRES HARVESTED","TOTAL","NOT SPECIFIED","34,700","02.80"
"SURVEY","2021","YEAR","","COUNTY","NEW YORK","36","CENTRAL","50","CAYUGA","011","","","00000000","","CORN","CORN, SILAGE - ACRES HARVESTED","TOTAL","NOT SPECIFIED","28,600","01.90"
"SURVEY","2021","YEAR","","COUNTY","NEW YORK","36","CENTRAL","50","CORTLAND","023","","","00000000","","CORN","CORN, GRAIN - ACRES HARVESTED","TOTAL","NOT SPECIFIED","6,350","02.80"
"SURVEY","2021","YEAR","","COUNTY","NEW YORK","36","CENTRAL","50","CORTLAND","023","","","00000000","","CORN","CORN, SILAGE - ACRES HARVESTED","TOTAL","NOT SPECIFIED","8,870","01.90"
"SURVEY","2021","YEAR","","COUNTY","NEW YORK","36","CENTRAL","50","ONONDAGA","067","","","00000000","","CORN","CORN, GRAIN - ACRES HARVESTED","TOTAL","NOT SPECIFIED","18,900","03.10"
"SURVEY","2021","YEAR","","COUNTY","NEW YORK","36","CENTRAL","50","ONONDAGA","067","","","00000000","","CORN","CORN, SILAGE - ACRES HARVESTED","TOTAL","NOT SPECIFIED","14,500","02.20"
"SURVEY","2021","YEAR","","COUNTY","NEW YORK","36","SOUTHERN","80","TOMPKINS","109","","","00000000","","CORN","CORN, GRAIN - ACRES HARVESTED","TOTAL","NOT SPECIFIED","5,400","03.70"
"SURVEY","2021","YEAR","","COUNTY","NEW YORK","36","SOUTHERN","80","TOMPKINS","109","","","00000000","","CORN","CORN, SILAGE - ACRES HARVESTED","TOTAL","NOT SPECIFIED","8,310","03.10"
"SURVEY","2021","YEAR","","COUNTY","NEW YORK","36","SOUTHWEST","70","CATTARAUGUS","009","","","00000000","","CORN","CORN, GRAIN - ACRES HARVESTED","TOTAL","NOT SPECIFIED","8,950","03.50"
"SURVEY","2021","YEAR","","COUNTY","NEW YORK","36","SOUTHWEST","70","CATTARAUGUS","009","","","00000000","","CORN","CORN, SILAGE - ACRES HARVESTED","TOTAL","NOT SPECIFIED","14,500","02.80"
"SURVEY","2021","YEAR","","COUNTY","NEW YORK","36","SOUTHWEST","70","CHAUTAUQUA","013","","","00000000","","CORN","CORN, GRAIN - ACRES HARVESTED","TOTAL","NOT SPECIFIED","14,400","03.40"
"SURVEY","2021","YEAR","","COUNTY","NEW YORK","36","SOUTHWEST","70","CHAUTAUQUA","013","","","00000000","","CORN","CORN, SILAGE - ACRES HARVESTED","TOTAL","NOT SPECIFIED","8,440","02.50"
"SURVEY","2021","YEAR","","COUNTY","NEW YORK","36","WESTERN","40","ERIE","029","","","00000000","","CORN","CORN, GRAIN - ACRES HARVESTED","TOTAL","NOT SPECIFIED","14,700","03.00"
"SURVEY","2021","YEAR","","COUNTY","NEW YORK","36","WESTERN","40","ERIE","029","","","00000000","","CORN","CORN, SILAGE - ACRES HARVESTED","TOTAL","NOT SPECIFIED","8,910","01.90"
"SURVEY","2021","YEAR","","COUNTY","NEW YORK","36","WESTERN","40","GENESEE","037","","","00000000","","CORN","CORN, GRAIN - ACRES HARVESTED","TOTAL","NOT SPECIFIED","30,900","02.70"
"SURVEY","2021","YEAR","","COUNTY","NEW YORK","36","WESTERN","40","LIVINGSTON","051","","","00000000","","CORN","CORN, GRAIN - ACRES HARVESTED","TOTAL","NOT SPECIFIED","36,300","02.70"
"SURVEY","2021","YEAR","","COUNTY","NEW YORK","36","WESTERN","40","LIVINGSTON","051","","","00000000","","CORN","CORN, SILAGE - ACRES HARVESTED","TOTAL","NOT SPECIFIED","26,900","01.70"
"SURVEY","2021","YEAR","","COUNTY","NEW YORK","36","WESTERN","40","ONTARIO","069","","","00000000","","CORN","CORN, GRAIN - ACRES HARVESTED","TOTAL","NOT SPECIFIED","27,500","02.70"
"SURVEY","2021","YEAR","","COUNTY","NEW YORK","36","WESTERN","40","ONTARIO","069","","","00000000","","CORN","CORN, SILAGE - ACRES HARVESTED","TOTAL","NOT SPECIFIED","14,900","01.80"
"SURVEY","2021","YEAR","","COUNTY","NEW YORK","36","WESTERN","40","WAYNE","117","","","00000000","","CORN","CORN, GRAIN - ACRES HARVESTED","TOTAL","NOT SPECIFIED","22,500","09.20"
"SURVEY","2021","YEAR","","COUNTY","NEW YORK","36","WESTERN","40","WAYNE","117","","","00000000","","CORN","CORN, SILAGE - ACRES HARVESTED","TOTAL","NOT SPECIFIED","4,480","13.50"
"SURVEY","2021","YEAR","","COUNTY","NEW YORK","36","WESTERN","40","WYOMING","121","","","00000000","","CORN","CORN, GRAIN - ACRES HARVESTED","TOTAL","NOT SPECIFIED","25,100","02.70"
"SURVEY","2021","YEAR","","COUNTY","NEW YORK","36","WESTERN","40","WYOMING","121","","","00000000","","CORN","CORN, SILAGE - ACRES HARVESTED","TOTAL","NOT SPECIFIED","28,600","01.90"
"SURVEY","2021","YEAR","","COUNTY","NEW YORK","36","WESTERN","40","YATES","123","","","00000000","","CORN","CORN, GRAIN - ACRES HARVESTED","TOTAL","NOT SPECIFIED","14,700","41.30"
"SURVEY","2021","YEAR","","COUNTY","NEW YORK","36","WESTERN","40","YATES","123","","","00000000","","CORN","CORN, SILAGE - ACRES HARVESTED","TOTAL","NOT SPECIFIED","5,870","42.30"
"SURVEY","2020","YEAR","","COUNTY","NEW YORK","36","CENTRAL","50","CAYUGA","011","","","00000000","","CORN","CORN, GRAIN - ACRES HARVESTED","TOTAL","NOT SPECIFIED","26,500","2.0"
"SURVEY","2020","YEAR","","COUNTY","NEW YORK","36","CENTRAL","50","CAYUGA","011","","","00000000","","CORN","CORN, SILAGE - ACRES HARVESTED","TOTAL","NOT SPECIFIED","38,000","1.7"
"SURVEY","2020","YEAR","","COUNTY","NEW YORK","36","CENTRAL","50","CORTLAND","023","","","00000000","","CORN","CORN, GRAIN - ACRES HARVESTED","TOTAL","NOT SPECIFIED","5,360","1.8"
"SURVEY","2020","YEAR","","COUNTY","NEW YORK","36","CENTRAL","50","CORTLAND","023","","","00000000","","CORN","CORN, SILAGE - ACRES HARVESTED","TOTAL","NOT SPECIFIED","10,100","1.5"
"SURVEY","2020","YEAR","","COUNTY","NEW YORK","36","CENTRAL","50","ONONDAGA","067","","","00000000","","CORN","CORN, GRAIN - ACRES HARVESTED","TOTAL","NOT SPECIFIED","18,200","1.9"
"SURVEY","2020","YEAR","","COUNTY","NEW YORK","36","CENTRAL","50","ONONDAGA","067","","","00000000","","CORN","CORN, SILAGE - ACRES HARVESTED","TOTAL","NOT SPECIFIED","14,900","1.6"
"SURVEY","2020","YEAR","","COUNTY","NEW YORK","36","SOUTHERN","80","TOMPKINS","109","","","00000000","","CORN","CORN, GRAIN - ACRES HARVESTED","TOTAL","NOT SPECIFIED","5,630","1.9"
"SURVEY","2020","YEAR","","COUNTY","NEW YORK","36","SOUTHERN","80","TOMPKINS","109","","","00000000","","CORN","CORN, SILAGE - ACRES HARVESTED","TOTAL","NOT SPECIFIED","8,850","1.6"
"SURVEY","2020","YEAR","","COUNTY","NEW YORK","36","SOUTHWEST","70","ALLEGANY","003","","","00000000","","CORN","CORN, GRAIN - ACRES HARVESTED","TOTAL","NOT SPECIFIED","6,640","1.9"
"SURVEY","2020","YEAR","","COUNTY","NEW YORK","36","SOUTHWEST","70","ALLEGANY","003","","","00000000","","CORN","CORN, SILAGE - ACRES HARVESTED","TOTAL","NOT SPECIFIED","10,300","1.6"
"SURVEY","2020","YEAR","","COUNTY","NEW YORK","36","SOUTHWEST","70","CATTARAUGUS","009","","","00000000","","CORN","CORN, GRAIN - ACRES HARVESTED","TOTAL","NOT SPECIFIED","6,450","2.9"
"SURVEY","2020","YEAR","","COUNTY","NEW YORK","36","SOUTHWEST","70","CATTARAUGUS","009","","","00000000","","CORN","CORN, SILAGE - ACRES HARVESTED","TOTAL","NOT SPECIFIED","15,800","2.5"
"SURVEY","2020","YEAR","","COUNTY","NEW YORK","36","SOUTHWEST","70","CHAUTAUQUA","013","","","00000000","","CORN","CORN, GRAIN - ACRES HARVESTED","TOTAL","NOT SPECIFIED","9,960","2.7"
"SURVEY","2020","YEAR","","COUNTY","NEW YORK","36","SOUTHWEST","70","CHAUTAUQUA","013","","","00000000","","CORN","CORN, SILAGE - ACRES HARVESTED","TOTAL","NOT SPECIFIED","13,400","2.4"
"SURVEY","2020","YEAR","","COUNTY","NEW YORK","36","WESTERN","40","ERIE","029","","","00000000","","CORN","CORN, GRAIN - ACRES HARVESTED","TOTAL","NOT SPECIFIED","10,000","1.9"
"SURVEY","2020","YEAR","","COUNTY","NEW YORK","36","WESTERN","40","ERIE","029","","","00000000","","CORN","CORN, SILAGE - ACRES HARVESTED","TOTAL","NOT SPECIFIED","12,300","1.6"
"SURVEY","2020","YEAR","","COUNTY","NEW YORK","36","WESTERN","40","GENESEE","037","","","00000000","","CORN","CORN, GRAIN - ACRES HARVESTED","TOTAL","NOT SPECIFIED","29,300","1.6"
"SURVEY","2020","YEAR","","COUNTY","NEW YORK","36","WESTERN","40","GENESEE","037","","","00000000","","CORN","CORN, SILAGE - ACRES HARVESTED","TOTAL","NOT SPECIFIED","16,400","1.8"
"SURVEY","2020","YEAR","","COUNTY","NEW YORK","36","WESTERN","40","LIVINGSTON","051","","","00000000","","CORN","CORN, GRAIN - ACRES HARVESTED","TOTAL","NOT SPECIFIED","33,800","1.8"
"SURVEY","2020","YEAR","","COUNTY","NEW YORK","36","WESTERN","40","LIVINGSTON","051","","","00000000","","CORN","CORN, SILAGE - ACRES HARVESTED","TOTAL","NOT SPECIFIED","25,800","1.6"
"SURVEY","2020","YEAR","","COUNTY","NEW YORK","36","WESTERN","40","ONTARIO","069","","","00000000","","CORN","CORN, GRAIN - ACRES HARVESTED","TOTAL","NOT SPECIFIED","21,900","1.7"
"SURVEY","2020","YEAR","","COUNTY","NEW YORK","36","WESTERN","40","ONTARIO","069","","","00000000","","CORN","CORN, SILAGE - ACRES HARVESTED","TOTAL","NOT SPECIFIED","19,200","1.9"
"SURVEY","2020","YEAR","","COUNTY","NEW YORK","36","WESTERN","40","WAYNE","117","","","00000000","","CORN","CORN, GRAIN - ACRES HARVESTED","TOTAL","NOT SPECIFIED","23,900","3.3"
"SURVEY","2020","YEAR","","COUNTY","NEW YORK","36","WESTERN","40","WAYNE","117","","","00000000","","CORN","CORN, SILAGE - ACRES HARVESTED","TOTAL","NOT SPECIFIED","3,940","6.8"
"SURVEY","2020","YEAR","","COUNTY","NEW YORK","36","WESTERN","40","WYOMING","121","","","00000000","","CORN","CORN, GRAIN - ACRES HARVESTED","TOTAL","NOT SPECIFIED","19,100","1.7"
"SURVEY","2020","YEAR","","COUNTY","NEW YORK","36","WESTERN","40","WYOMING","121","","","00000000","","CORN","CORN, SILAGE - ACRES HARVESTED","TOTAL","NOT SPECIFIED","35,700","1.5"
"SURVEY","2020","YEAR","","COUNTY","NEW YORK","36","WESTERN","40","YATES","123","","","00000000","","CORN","CORN, GRAIN - ACRES HARVESTED","TOTAL","NOT SPECIFIED","8,470","39.8"
"SURVEY","2019","YEAR","","COUNTY","NEW YORK","36","CENTRAL","50","CAYUGA","011","","","00000000","","CORN","CORN, GRAIN - ACRES HARVESTED","TOTAL","NOT SPECIFIED","44,000",""
"SURVEY","2019","YEAR","","COUNTY","NEW YORK","36","CENTRAL","50","CORTLAND","023","","","00000000","","CORN","CORN, GRAIN - ACRES HARVESTED","TOTAL","NOT SPECIFIED","4,600",""
"SURVEY","2019","YEAR","","COUNTY","NEW YORK","36","CENTRAL","50","CORTLAND","023","","","00000000","","CORN","CORN, SILAGE - ACRES HARVESTED","TOTAL","NOT SPECIFIED","11,200",""
"SURVEY","2019","YEAR","","COUNTY","NEW YORK","36","CENTRAL","50","ONONDAGA","067","","","00000000","","CORN","CORN, GRAIN - ACRES HARVESTED","TOTAL","NOT SPECIFIED","20,800",""
"SURVEY","2019","YEAR","","COUNTY","NEW YORK","36","CENTRAL","50","ONONDAGA","067","","","00000000","","CORN","CORN, SILAGE - ACRES HARVESTED","TOTAL","NOT SPECIFIED","15,600",""
"SURVEY","2019","YEAR","","COUNTY","NEW YORK","36","SOUTHERN","80","TOMPKINS","109","","","00000000","","CORN","CORN, SILAGE - ACRES HARVESTED","TOTAL","NOT SPECIFIED","7,200",""
"SURVEY","2019","YEAR","","COUNTY","NEW YORK","36","SOUTHWEST","70","CATTARAUGUS","009","","","00000000","","CORN","CORN, SILAGE - ACRES HARVESTED","TOTAL","NOT SPECIFIED","14,700",""
"SURVEY","2019","YEAR","","COUNTY","NEW YORK","36","SOUTHWEST","70","CHAUTAUQUA","013","","","00000000","","CORN","CORN, GRAIN - ACRES HARVESTED","TOTAL","NOT SPECIFIED","14,500",""
"SURVEY","2019","YEAR","","COUNTY","NEW YORK","36","WESTERN","40","ERIE","029","","","00000000","","CORN","CORN, GRAIN - ACRES HARVESTED","TOTAL","NOT SPECIFIED","9,600",""
"SURVEY","2019","YEAR","","COUNTY","NEW YORK","36","WESTERN","40","ERIE","029","","","00000000","","CORN","CORN, SILAGE - ACRES HARVESTED","TOTAL","NOT SPECIFIED","13,300",""
"SURVEY","2019","YEAR","","COUNTY","NEW YORK","36","WESTERN","40","GENESEE","037","","","00000000","","CORN","CORN, GRAIN - ACRES HARVESTED","TOTAL","NOT SPECIFIED","28,600",""
"SURVEY","2019","YEAR","","COUNTY","NEW YORK","36","WESTERN","40","GENESEE","037","","","00000000","","CORN","CORN, SILAGE - ACRES HARVESTED","TOTAL","NOT SPECIFIED","20,300",""
"SURVEY","2019","YEAR","","COUNTY","NEW YORK","36","WESTERN","40","LIVINGSTON","051","","","00000000","","CORN","CORN, GRAIN - ACRES HARVESTED","TOTAL","NOT SPECIFIED","37,000",""
"SURVEY","2019","YEAR","","COUNTY","NEW YORK","36","WESTERN","40","LIVINGSTON","051","","","00000000","","CORN","CORN, SILAGE - ACRES HARVESTED","TOTAL","NOT SPECIFIED","26,600",""
"SURVEY","2019","YEAR","","COUNTY","NEW YORK","36","WESTERN","40","ONTARIO","069","","","00000000","","CORN","CORN, GRAIN - ACRES HARVESTED","TOTAL","NOT SPECIFIED","23,800",""
"SURVEY","2019","YEAR","","COUNTY","NEW YORK","36","WESTERN","40","ONTARIO","069","","","00000000","","CORN","CORN, SILAGE - ACRES HARVESTED","TOTAL","NOT SPECIFIED","14,000",""
"SURVEY","2019","YEAR","","COUNTY","NEW YORK","36","WESTERN","40","WAYNE","117","","","00000000","","CORN","CORN, GRAIN - ACRES HARVESTED","TOTAL","NOT SPECIFIED","26,100",""
"SURVEY","2019","YEAR","","COUNTY","NEW YORK","36","WESTERN","40","WYOMING","121","","","00000000","","CORN","CORN, GRAIN - ACRES HARVESTED","TOTAL","NOT SPECIFIED","20,000",""
"SURVEY","2019","YEAR","","COUNTY","NEW YORK","36","WESTERN","40","WYOMING","121","","","00000000","","CORN","CORN, SILAGE - ACRES HARVESTED","TOTAL","NOT SPECIFIED","30,000",""
"SURVEY","2019","YEAR","","COUNTY","NEW YORK","36","WESTERN","40","YATES","123","","","00000000","","CORN","CORN, GRAIN - ACRES HARVESTED","TOTAL","NOT SPECIFIED","6,500",""
"SURVEY","2019","YEAR","","COUNTY","NEW YORK","36","WESTERN","40","YATES","123","","","00000000","","CORN","CORN, SILAGE - ACRES HARVESTED","TOTAL","NOT SPECIFIED","3,000",""
"SURVEY","2018","YEAR","","COUNTY","NEW YORK","36","CENTRAL","50","CAYUGA","011","","","00000000","","CORN","CORN, GRAIN - ACRES HARVESTED","TOTAL","NOT SPECIFIED","43,900",""
"SURVEY","2018","YEAR","","COUNTY","NEW YORK","36","CENTRAL","50","CORTLAND","023","","","00000000","","CORN","CORN, GRAIN - ACRES HARVESTED","TOTAL","NOT SPECIFIED","6,400",""
"SURVEY","2018","YEAR","","COUNTY","NEW YORK","36","CENTRAL","50","CORTLAND","023","","","00000000","","CORN","CORN, SILAGE - ACRES HARVESTED","TOTAL","NOT SPECIFIED","8,800",""
"SURVEY","2018","YEAR","","COUNTY","NEW YORK","36","CENTRAL","50","ONONDAGA","067","","","00000000","","CORN","CORN, GRAIN - ACRES HARVESTED","TOTAL","NOT SPECIFIED","21,000",""
"SURVEY","2018","YEAR","","COUNTY","NEW YORK","36","CENTRAL","50","ONONDAGA","067","","","00000000","","CORN","CORN, SILAGE - ACRES HARVESTED","TOTAL","NOT SPECIFIED","16,100",""
"SURVEY","2018","YEAR","","COUNTY","NEW YORK","36","SOUTHERN","80","TOMPKINS","109","","","00000000","","CORN","CORN, GRAIN - ACRES HARVESTED","TOTAL","NOT SPECIFIED","10,400",""
"SURVEY","2018","YEAR","","COUNTY","NEW YORK","36","SOUTHERN","80","TOMPKINS","109","","","00000000","","CORN","CORN, SILAGE - ACRES HARVESTED","TOTAL","NOT SPECIFIED","3,700",""
"SURVEY","2018","YEAR","","COUNTY","NEW YORK","36","SOUTHWEST","70","ALLEGANY","003","","","00000000","","CORN","CORN, GRAIN - ACRES HARVESTED","TOTAL","NOT SPECIFIED","8,900",""
"SURVEY","2018","YEAR","","COUNTY","NEW YORK","36","SOUTHWEST","70","ALLEGANY","003","","","00000000","","CORN","CORN, SILAGE - ACRES HARVESTED","TOTAL","NOT SPECIFIED","6,300",""
"SURVEY","2018","YEAR","","COUNTY","NEW YORK","36","SOUTHWEST","70","CATTARAUGUS","009","","","00000000","","CORN","CORN, GRAIN - ACRES HARVESTED","TOTAL","NOT SPECIFIED","9,900",""
"SURVEY","2018","YEAR","","COUNTY","NEW YORK","36","SOUTHWEST","70","CATTARAUGUS","009","","","00000000","","CORN","CORN, SILAGE - ACRES HARVESTED","TOTAL","NOT SPECIFIED","13,700",""
"SURVEY","2018","YEAR","","COUNTY","NEW YORK","36","SOUTHWEST","70","CHAUTAUQUA","013","","","00000000","","CORN","CORN, GRAIN - ACRES HARVESTED","TOTAL","NOT SPECIFIED","11,500",""
"SURVEY","2018","YEAR","","COUNTY","NEW YORK","36","SOUTHWEST","70","CHAUTAUQUA","013","","","00000000","","CORN","CORN, SILAGE - ACRES HARVESTED","TOTAL","NOT SPECIFIED","12,700",""
"SURVEY","2018","YEAR","","COUNTY","NEW YORK","36","WESTERN","40","ERIE","029","","","00000000","","CORN","CORN, GRAIN - ACRES HARVESTED","TOTAL","NOT SPECIFIED","15,000",""
"SURVEY","2018","YEAR","","COUNTY","NEW YORK","36","WESTERN","40","ERIE","029","","","00000000","","CORN","CORN, SILAGE - ACRES HARVESTED","TOTAL","NOT SPECIFIED","12,400",""
"SURVEY","2018","YEAR","","COUNTY","NEW YORK","36","WESTERN","40","GENESEE","037","","","00000000","","CORN","CORN, GRAIN - ACRES HARVESTED","TOTAL","NOT SPECIFIED","33,100",""
"SURVEY","2018","YEAR","","COUNTY","NEW YORK","36","WESTERN","40","GENESEE","037","","","00000000","","CORN","CORN, SILAGE - ACRES HARVESTED","TOTAL","NOT SPECIFIED","22,600",""
"SURVEY","2018","YEAR","","COUNTY","NEW YORK","36","WESTERN","40","LIVINGSTON","051","","","00000000","","CORN","CORN, GRAIN - ACRES HARVESTED","TOTAL","NOT SPECIFIED","41,800",""
"SURVEY","2018","YEAR","","COUNTY","NEW YORK","36","WESTERN","40","LIVINGSTON","051","","","00000000","","CORN","CORN, SILAGE - ACRES HARVESTED","TOTAL","NOT SPECIFIED","22,600",""
"SURVEY","2018","YEAR","","COUNTY","NEW YORK","36","WESTERN","40","ONTARIO","069","","","00000000","","CORN","CORN, GRAIN - ACRES HARVESTED","TOTAL","NOT SPECIFIED","24,400",""
"SURVEY","2018","YEAR","","COUNTY","NEW YORK","36","WESTERN","40","ONTARIO","069","","","00000000","","CORN","CORN, SILAGE - ACRES HARVESTED","TOTAL","NOT SPECIFIED","17,800",""
"SURVEY","2018","YEAR","","COUNTY","NEW YORK","36","WESTERN","40","WAYNE","117","","","00000000","","CORN","CORN, GRAIN - ACRES HARVESTED","TOTAL","NOT SPECIFIED","26,900",""
"SURVEY","2018","YEAR","","COUNTY","NEW YORK","36","WESTERN","40","WAYNE","117","","","00000000","","CORN","CORN, SILAGE - ACRES HARVESTED","TOTAL","NOT SPECIFIED","4,600",""
"SURVEY","2018","YEAR","","COUNTY","NEW YORK","36","WESTERN","40","WYOMING","121","","","00000000","","CORN","CORN, GRAIN - ACRES HARVESTED","TOTAL","NOT SPECIFIED","22,800",""
"SURVEY","2018","YEAR","","COUNTY","NEW YORK","36","WESTERN","40","WYOMING","121","","","00000000","","CORN","CORN, SILAGE - ACRES HARVESTED","TOTAL","NOT SPECIFIED","31,900",""
"SURVEY","2017","YEAR","","COUNTY","NEW YORK","36","CENTRAL","50","CAYUGA","011","","","00000000","","CORN","CORN, GRAIN - ACRES HARVESTED","TOTAL","NOT SPECIFIED","34,000",""
"SURVEY","2017","YEAR","","COUNTY","NEW YORK","36","CENTRAL","50","CAYUGA","011","","","00000000","","CORN","CORN, SILAGE - ACRES HARVESTED","TOTAL","NOT SPECIFIED","26,400",""
"SURVEY","2017","YEAR","","COUNTY","NEW YORK","36","CENTRAL","50","CORTLAND","023","","","00000000","","CORN","CORN, GRAIN - ACRES HARVESTED","TOTAL","NOT SPECIFIED","4,300",""
"SURVEY","2017","YEAR","","COUNTY","NEW YORK","36","CENTRAL","50","CORTLAND","023","","","00000000","","CORN","CORN, SILAGE - ACRES HARVESTED","TOTAL","NOT SPECIFIED","12,400",""
"SURVEY","2017","YEAR","","COUNTY","NEW YORK","36","CENTRAL","50","ONONDAGA","067","","","00000000","","CORN","CORN, GRAIN - ACRES HARVESTED","TOTAL","NOT SPECIFIED","18,000",""
"SURVEY","2017","YEAR","","COUNTY","NEW YORK","36","CENTRAL","50","ONONDAGA","067","","","00000000","","CORN","CORN, SILAGE - ACRES HARVESTED","TOTAL","NOT SPECIFIED","17,000",""
"SURVEY","2017","YEAR","","COUNTY","NEW YORK","36","SOUTHERN","80","TOMPKINS","109","","","00000000","","CORN","CORN, GRAIN - ACRES HARVESTED","TOTAL","NOT SPECIFIED","5,700",""
"SURVEY","2017","YEAR","","COUNTY","NEW YORK","36","SOUTHERN","80","TOMPKINS","109","","","00000000","","CORN","CORN, SILAGE - ACRES HARVESTED","TOTAL","NOT SPECIFIED","8,300",""
"SURVEY","2017","YEAR","","COUNTY","NEW YORK","36","SOUTHWEST","70","ALLEGANY","003","","","00000000","","CORN","CORN, GRAIN - ACRES HARVESTED","TOTAL","NOT SPECIFIED","7,400",""
"SURVEY","2017","YEAR","","COUNTY","NEW YORK","36","SOUTHWEST","70","ALLEGANY","003","","","00000000","","CORN","CORN, SILAGE - ACRES HARVESTED","TOTAL","NOT SPECIFIED","8,000",""
"SURVEY","2017","YEAR","","COUNTY","NEW YORK","36","SOUTHWEST","70","CATTARAUGUS","009","","","00000000","","CORN","CORN, GRAIN - ACRES HARVESTED","TOTAL","NOT SPECIFIED","8,900",""
"SURVEY","2017","YEAR","","COUNTY","NEW YORK","36","SOUTHWEST","70","CATTARAUGUS","009","","","00000000","","CORN","CORN, SILAGE - ACRES HARVESTED","TOTAL","NOT SPECIFIED","14,400",""
"SURVEY","2017","YEAR","","COUNTY","NEW YORK","36","SOUTHWEST","70","CHAUTAUQUA","013","","","00000000","","CORN","CORN, GRAIN - ACRES HARVESTED","TOTAL","NOT SPECIFIED","12,300",""
"SURVEY","2017","YEAR","","COUNTY","NEW YORK","36","SOUTHWEST","70","CHAUTAUQUA","013","","","00000000","","CORN","CORN, SILAGE - ACRES HARVESTED","TOTAL","NOT SPECIFIED","14,000",""
"SURVEY","2017","YEAR","","COUNTY","NEW YORK","36","WESTERN","40","ERIE","029","","","00000000","","CORN","CORN, GRAIN - ACRES HARVESTED","TOTAL","NOT SPECIFIED","9,100",""
"SURVEY","2017","YEAR","","COUNTY","NEW YORK","36","WESTERN","40","ERIE","029","","","00000000","","CORN","CORN, SILAGE - ACRES HARVESTED","TOTAL","NOT SPECIFIED","13,400",""
"SURVEY","2017","YEAR","","COUNTY","NEW YORK","36","WESTERN","40","GENESEE","037","","","00000000","","CORN","CORN, GRAIN - ACRES HARVESTED","TOTAL","NOT SPECIFIED","28,600",""
"SURVEY","2017","YEAR","","COUNTY","NEW YORK","36","WESTERN","40","LIVINGSTON","051","","","00000000","","CORN","CORN, GRAIN - ACRES HARVESTED","TOTAL","NOT SPECIFIED","27,900",""
"SURVEY","2017","YEAR","","COUNTY","NEW YORK","36","WESTERN","40","LIVINGSTON","051","","","00000000","","CORN","CORN, SILAGE - ACRES HARVESTED","TOTAL","NOT SPECIFIED","30,800",""
"SURVEY","2017","YEAR","","COUNTY","NEW YORK","36","WESTERN","40","ONTARIO","069","","","00000000","","CORN","CORN, GRAIN - ACRES HARVESTED","TOTAL","NOT SPECIFIED","19,300",""
"SURVEY","2017","YEAR","","COUNTY","NEW YORK","36","WESTERN","40","ONTARIO","069","","","00000000","","CORN","CORN, SILAGE - ACRES HARVESTED","TOTAL","NOT SPECIFIED","14,500",""
"SURVEY","2017","YEAR","","COUNTY","NEW YORK","36","WESTERN","40","WAYNE","117","","","00000000","","CORN","CORN, GRAIN - ACRES HARVESTED","TOTAL","NOT SPECIFIED","20,600",""
"SURVEY","2017","YEAR","","COUNTY","NEW YORK","36","WESTERN","40","WAYNE","117","","","00000000","","CORN","CORN, SILAGE - ACRES HARVESTED","TOTAL","NOT SPECIFIED","3,400",""
"SURVEY","2017","YEAR","","COUNTY","NEW YORK","36","WESTERN","40","WYOMING","121","","","00000000","","CORN","CORN, GRAIN - ACRES HARVESTED","TOTAL","NOT SPECIFIED","17,800",""
"SURVEY","2017","YEAR","","COUNTY","NEW YORK","36","WESTERN","40","WYOMING","121","","","00000000","","CORN","CORN, SILAGE - ACRES HARVESTED","TOTAL","NOT SPECIFIED","37,600",""
"SURVEY","2016","YEAR","","COUNTY","NEW YORK","36","CENTRAL","50","CAYUGA","011","","","00000000","","CORN","CORN, GRAIN - ACRES HARVESTED","TOTAL","NOT SPECIFIED","36,300",""
"SURVEY","2016","YEAR","","COUNTY","NEW YORK","36","CENTRAL","50","CAYUGA","011","","","00000000","","CORN","CORN, SILAGE - ACRES HARVESTED","TOTAL","NOT SPECIFIED","26,800",""
"SURVEY","2016","YEAR","","COUNTY","NEW YORK","36","CENTRAL","50","CORTLAND","023","","","00000000","","CORN","CORN, SILAGE - ACRES HARVESTED","TOTAL","NOT SPECIFIED","10,900",""
"SURVEY","2016","YEAR","","COUNTY","NEW YORK","36","CENTRAL","50","ONONDAGA","067","","","00000000","","CORN","CORN, GRAIN - ACRES HARVESTED","TOTAL","NOT SPECIFIED","19,500",""
"SURVEY","2016","YEAR","","COUNTY","NEW YORK","36","CENTRAL","50","ONONDAGA","067","","","00000000","","CORN","CORN, SILAGE - ACRES HARVESTED","TOTAL","NOT SPECIFIED","14,100",""
"SURVEY","2016","YEAR","","COUNTY","NEW YORK","36","SOUTHERN","80","TOMPKINS","109","","","00000000","","CORN","CORN, SILAGE - ACRES HARVESTED","TOTAL","NOT SPECIFIED","8,900",""
"SURVEY","2016","YEAR","","COUNTY","NEW YORK","36","SOUTHWEST","70","ALLEGANY","003","","","00000000","","CORN","CORN, GRAIN - ACRES HARVESTED","TOTAL","NOT SPECIFIED","8,200",""
"SURVEY","2016","YEAR","","COUNTY","NEW YORK","36","SOUTHWEST","70","ALLEGANY","003","","","00000000","","CORN","CORN, SILAGE - ACRES HARVESTED","TOTAL","NOT SPECIFIED","7,400",""
"SURVEY","2016","YEAR","","COUNTY","NEW YORK","36","SOUTHWEST","70","CATTARAUGUS","009","","","00000000","","CORN","CORN, GRAIN - ACRES HARVESTED","TOTAL","NOT SPECIFIED","11,800",""
"SURVEY","2016","YEAR","","COUNTY","NEW YORK","36","SOUTHWEST","70","CATTARAUGUS","009","","","00000000","","CORN","CORN, SILAGE - ACRES HARVESTED","TOTAL","NOT SPECIFIED","12,300",""
"SURVEY","2016","YEAR","","COUNTY","NEW YORK","36","SOUTHWEST","70","CHAUTAUQUA","013","","","00000000","","CORN","CORN, GRAIN - ACRES HARVESTED","TOTAL","NOT SPECIFIED","10,000",""
"SURVEY","2016","YEAR","","COUNTY","NEW YORK","36","SOUTHWEST","70","CHAUTAUQUA","013","","","00000000","","CORN","CORN, SILAGE - ACRES HARVESTED","TOTAL","NOT SPECIFIED","16,700",""
"SURVEY","2016","YEAR","","COUNTY","NEW YORK","36","WESTERN","40","ERIE","029","","","00000000","","CORN","CORN, GRAIN - ACRES HARVESTED","TOTAL","NOT SPECIFIED","11,400",""
"SURVEY","2016","YEAR","","COUNTY","NEW YORK","36","WESTERN","40","ERIE","029","","","00000000","","CORN","CORN, SILAGE - ACRES HARVESTED","TOTAL","NOT SPECIFIED","15,500",""
"SURVEY","2016","YEAR","","COUNTY","NEW YORK","36","WESTERN","40","GENESEE","037","","","00000000","","CORN","CORN, GRAIN - ACRES HARVESTED","TOTAL","NOT SPECIFIED","30,200",""
"SURVEY","2016","YEAR","","COUNTY","NEW YORK","36","WESTERN","40","GENESEE","037","","","00000000","","CORN","CORN, SILAGE - ACRES HARVESTED","TOTAL","NOT SPECIFIED","22,000",""
"SURVEY","2016","YEAR","","COUNTY","NEW YORK","36","WESTERN","40","LIVINGSTON","051","","","00000000","","CORN","CORN, GRAIN - ACRES HARVESTED","TOTAL","NOT SPECIFIED","30,500",""
"SURVEY","2016","YEAR","","COUNTY","NEW YORK","36","WESTERN","40","LIVINGSTON","051","","","00000000","","CORN","CORN, SILAGE - ACRES HARVESTED","TOTAL","NOT SPECIFIED","33,000",""
"SURVEY","2016","YEAR","","COUNTY","NEW YORK","36","WESTERN","40","ONTARIO","069","","","00000000","","CORN","CORN, GRAIN - ACRES HARVESTED","TOTAL","NOT SPECIFIED","30,100",""
"SURVEY","2016","YEAR","","COUNTY","NEW YORK","36","WESTERN","40","ONTARIO","069","","","00000000","","CORN","CORN, SILAGE - ACRES HARVESTED","TOTAL","NOT SPECIFIED","13,000",""
"SURVEY","2016","YEAR","","COUNTY","NEW YORK","36","WESTERN","40","WAYNE","117","","","00000000","","CORN","CORN, GRAIN - ACRES HARVESTED","TOTAL","NOT SPECIFIED","25,500",""
"SURVEY","2016","YEAR","","COUNTY","NEW YORK","36","WESTERN","40","WYOMING","121","","","00000000","","CORN","CORN, GRAIN - ACRES HARVESTED","TOTAL","NOT SPECIFIED","14,900",""
"SURVEY","2016","YEAR","","COUNTY","NEW YORK","36","WESTERN","40","WYOMING","121","","","00000000","","CORN","CORN, SILAGE - ACRES HARVESTED","TOTAL","NOT SPECIFIED","43,000",""
"SURVEY","2016","YEAR","","COUNTY","NEW YORK","36","WESTERN","40","YATES","123","","","00000000","","CORN","CORN, SILAGE - ACRES HARVESTED","TOTAL","NOT SPECIFIED","5,000",""
"SURVEY","2015","YEAR","","COUNTY","NEW YORK","36","CENTRAL","50","CAYUGA","011","","","00000000","","CORN","CORN, GRAIN - ACRES HARVESTED","TOTAL","NOT SPECIFIED","34,500",""
"SURVEY","2015","YEAR","","COUNTY","NEW YORK","36","CENTRAL","50","CAYUGA","011","","","00000000","","CORN","CORN, SILAGE - ACRES HARVESTED","TOTAL","NOT SPECIFIED","26,300",""
"SURVEY","2015","YEAR","","COUNTY","NEW YORK","36","CENTRAL","50","CORTLAND","023","","","00000000","","CORN","CORN, GRAIN - ACRES HARVESTED","TOTAL","NOT SPECIFIED","7,100",""
"SURVEY","2015","YEAR","","COUNTY","NEW YORK","36","CENTRAL","50","CORTLAND","023","","","00000000","","CORN","CORN, SILAGE - ACRES HARVESTED","TOTAL","NOT SPECIFIED","8,700",""
"SURVEY","2015","YEAR","","COUNTY","NEW YORK","36","CENTRAL","50","ONONDAGA","067","","","00000000","","CORN","CORN, GRAIN - ACRES HARVESTED","TOTAL","NOT SPECIFIED","23,900",""
"SURVEY","2015","YEAR","","COUNTY","NEW YORK","36","CENTRAL","50","ONONDAGA","067","","","00000000","","CORN","CORN, SILAGE - ACRES HARVESTED","TOTAL","NOT SPECIFIED","13,400",""
"SURVEY","2015","YEAR","","COUNTY","NEW YORK","36","SOUTHERN","80","TOMPKINS","109","","","00000000","","CORN","CORN, SILAGE - ACRES HARVESTED","TOTAL","NOT SPECIFIED","8,800",""
"SURVEY","2015","YEAR","","COUNTY","NEW YORK","36","SOUTHWEST","70","ALLEGANY","003","","","00000000","","CORN","CORN, SILAGE - ACRES HARVESTED","TOTAL","NOT SPECIFIED","7,000",""
"SURVEY","2015","YEAR","","COUNTY","NEW YORK","36","SOUTHWEST","70","CATTARAUGUS","009","","","00000000","","CORN","CORN, GRAIN - ACRES HARVESTED","TOTAL","NOT SPECIFIED","11,100",""
"SURVEY","2015","YEAR","","COUNTY","NEW YORK","36","SOUTHWEST","70","CATTARAUGUS","009","","","00000000","","CORN","CORN, SILAGE - ACRES HARVESTED","TOTAL","NOT SPECIFIED","11,600",""
"SURVEY","2015","YEAR","","COUNTY","NEW YORK","36","SOUTHWEST","70","CHAUTAUQUA","013","","","00000000","","CORN","CORN, SILAGE - ACRES HARVESTED","TOTAL","NOT SPECIFIED","15,800",""
"SURVEY","2015","YEAR","","COUNTY","NEW YORK","36","WESTERN","40","ERIE","029","","","00000000","","CORN","CORN, GRAIN - ACRES HARVESTED","TOTAL","NOT SPECIFIED","15,400",""
"SURVEY","2015","YEAR","","COUNTY","NEW YORK","36","WESTERN","40","ERIE","029","","","00000000","","CORN","CORN, SILAGE - ACRES HARVESTED","TOTAL","NOT SPECIFIED","12,900",""
"SURVEY","2015","YEAR","","COUNTY","NEW YORK","36","WESTERN","40","LIVINGSTON","051","","","00000000","","CORN","CORN, GRAIN - ACRES HARVESTED","TOTAL","NOT SPECIFIED","26,900",""
"SURVEY","2015","YEAR","","COUNTY","NEW YORK","36","WESTERN","40","LIVINGSTON","051","","","00000000","","CORN","CORN, SILAGE - ACRES HARVESTED","TOTAL","NOT SPECIFIED","31,100",""
"SURVEY","2015","YEAR","","COUNTY","NEW YORK","36","WESTERN","40","ONTARIO","069","","","00000000","","CORN","CORN, GRAIN - ACRES HARVESTED","TOTAL","NOT SPECIFIED","26,600",""
"SURVEY","2015","YEAR","","COUNTY","NEW YORK","36","WESTERN","40","ONTARIO","069","","","00000000","","CORN","CORN, SILAGE - ACRES HARVESTED","TOTAL","NOT SPECIFIED","15,300",""
"SURVEY","2015","YEAR","","COUNTY","NEW YORK","36","WESTERN","40","WAYNE","117","","","00000000","","CORN","CORN, GRAIN - ACRES HARVESTED","TOTAL","NOT SPECIFIED","27,000",""
"SURVEY","2015","YEAR","","COUNTY","NEW YORK","36","WESTERN","40","WYOMING","121","","","00000000","","CORN","CORN, GRAIN - ACRES HARVESTED","TOTAL","NOT SPECIFIED","22,500",""
"SURVEY","2015","YEAR","","COUNTY","NEW YORK","36","WESTERN","40","WYOMING","121","","","00000000","","CORN","CORN, SILAGE - ACRES HARVESTED","TOTAL","NOT SPECIFIED","38,500",""
"SURVEY","2015","YEAR","","COUNTY","NEW YORK","36","WESTERN","40","YATES","123","","","00000000","","CORN","CORN, GRAIN - ACRES HARVESTED","TOTAL","NOT SPECIFIED","10,400",""
"SURVEY","2015","YEAR","","COUNTY","NEW YORK","36","WESTERN","40","YATES","123","","","00000000","","CORN","CORN, SILAGE - ACRES HARVESTED","TOTAL","NOT SPECIFIED","5,500",""
