"county","year","crop_name","perc_eval","variable","value"
"Allegany",2015,"Soybeans",75.75,"perc_ct",13.3960482582615
"Allegany",2016,"Corn",83.45,"perc_ct",2.72700483449849
"Allegany",2017,"Corn",94.16,"perc_ct",12.6319249423452
"Allegany",2017,"Soybeans",81.03,"perc_ct",37.6188867915793
"Allegany",2018,"Corn",105.76,"perc_ct",6.39003746924244
"Allegany",2020,"Corn",88.15,"perc_ct",8.59747407232522
"Allegany",2021,"Soybeans",89.12,"perc_ct",13.4242998575921
"Broome",2016,"Corn",99.39,"perc_ct",15.4990939300265
"Broome",2017,"Corn",55.56,"perc_ct",11.2080183631217
"Broome",2018,"Corn",74.85,"perc_ct",20.407863974603
"Broome",2020,"Corn",65.42,"perc_ct",20.090264046825
"Broome",2020,"Soybeans",54.7,"perc_ct",48.7341379536007
"Broome",2021,"Corn",60.11,"perc_ct",15.9914188452548
"Cattaraugus",2015,"Corn",69.21,"perc_ct",8.6542995936759
"Cattaraugus",2015,"Soybeans",84.81,"perc_ct",8.01750457548685
"Cattaraugus",2016,"Corn",79.21,"perc_ct",5.78304724070634
"Cattaraugus",2016,"Soybeans",67.24,"perc_ct",8.47709231265377
"Cattaraugus",2017,"Corn",82.01,"perc_ct",10.1099900165467
"Cattaraugus",2017,"Soybeans",83.05,"perc_ct",11.0069412688091
"Cattaraugus",2018,"Corn",90.05,"perc_ct",9.50962573165162
"Cattaraugus",2019,"Soybeans",90.42,"perc_ct",4.32475864817122
"Cattaraugus",2020,"Corn",86.8,"perc_ct",28.5206408506322
"Cattaraugus",2020,"Soybeans",94.92,"perc_ct",9.78976164102072
"Cattaraugus",2021,"Corn",81.35,"perc_ct",30.11209935431
"Cattaraugus",2021,"Soybeans",90.42,"perc_ct",18.475619648543
"Cayuga",2015,"Corn",98.51,"perc_ct",6.59414611298961
"Cayuga",2015,"Soybeans",105.42,"perc_ct",2.57025962210419
"Cayuga",2016,"Corn",99.39,"perc_ct",7.56543550232936
"Cayuga",2016,"Soybeans",112.71,"perc_ct",3.35816318260648
"Cayuga",2017,"Corn",112.65,"perc_ct",1.96947424562893
"Cayuga",2018,"Soybeans",123.84,"perc_ct",3.42676686884386
"Cayuga",2019,"Soybeans",108.05,"perc_ct",2.36540471965738
"Cayuga",2020,"Corn",110.73,"perc_ct",19.4021251669166
"Cayuga",2020,"Soybeans",117.66,"perc_ct",8.54187326259489
"Cayuga",2021,"Corn",99.93,"perc_ct",12.1658344631311
"Cayuga",2021,"Soybeans",119.26,"perc_ct",8.14820538071825
"Chautauqua",2015,"Corn",109.56,"perc_ct",5.08290643805543
"Chautauqua",2015,"Soybeans",91.67,"perc_ct",9.82175217892813
"Chautauqua",2016,"Corn",72.87,"perc_ct",23.826116507917
"Chautauqua",2017,"Corn",80.92,"perc_ct",14.6250787879293
"Chautauqua",2017,"Soybeans",100.48,"perc_ct",11.6656876996428
"Chautauqua",2018,"Corn",92.72,"perc_ct",10.105139317181
"Chautauqua",2019,"Soybeans",68.11,"perc_ct",8.1244251280783
"Chautauqua",2020,"Corn",88.6,"perc_ct",23.4144438167546
"Chautauqua",2020,"Soybeans",102.79,"perc_ct",17.1742589784756
"Chautauqua",2021,"Corn",84.45,"perc_ct",29.0736388393887
"Chautauqua",2021,"Soybeans",111.2,"perc_ct",15.8930722170082
"Chemung",2015,"Soybeans",66.28,"perc_ct",11.6246709087607
"Chemung",2016,"Soybeans",85.44,"perc_ct",1.04229911897552
"Chemung",2017,"Corn",61.39,"perc_ct",17.7720630150397
"Chemung",2017,"Soybeans",72.35,"perc_ct",12.28523684862
"Chemung",2018,"Corn",62.16,"perc_ct",12.327310202792
"Chemung",2020,"Corn",66.21,"perc_ct",34.3605461297172
"Chemung",2020,"Soybeans",78.62,"perc_ct",15.9760799187596
"Chemung",2021,"Corn",67.49,"perc_ct",31.37448411054
"Chemung",2021,"Soybeans",58.05,"perc_ct",31.4910576358865
"Chenango",2016,"Corn",50.68,"perc_ct",2.00659179921062
"Chenango",2017,"Corn",59.55,"perc_ct",2.99054640110018
"Chenango",2018,"Corn",65.48,"perc_ct",8.2589568807243
"Chenango",2020,"Corn",69.29,"perc_ct",16.8401335547052
"Chenango",2021,"Corn",63.6,"perc_ct",9.49716177751393
"Cortland",2015,"Corn",50.17,"perc_ct",1.03027969576311
"Cortland",2016,"Corn",82.7,"perc_ct",13.6377910797227
"Cortland",2016,"Soybeans",83.57,"perc_ct",13.2985109000351
"Cortland",2017,"Corn",61.52,"perc_ct",6.85222981618804
"Cortland",2017,"Soybeans",56.12,"perc_ct",11.4629945572357
"Cortland",2018,"Corn",69.94,"perc_ct",13.2933437046816
"Cortland",2019,"Corn",73.52,"perc_ct",4.97813063086445
"Cortland",2020,"Corn",70.44,"perc_ct",24.5411785061876
"Cortland",2020,"Soybeans",108.12,"perc_ct",10.9902437250466
"Cortland",2021,"Corn",63.71,"perc_ct",16.5722136432163
"Cortland",2021,"Soybeans",75.48,"perc_ct",7.38870037051974
"Delaware",2018,"Corn",83.22,"perc_ct",14.5933595871488
"Delaware",2020,"Corn",65.02,"perc_ct",23.6817081745991
"Delaware",2021,"Corn",59.52,"perc_ct",4.37276066489523
"Erie",2015,"Corn",80.48,"perc_ct",6.01337621016228
"Erie",2015,"Soybeans",97.69,"perc_ct",6.04795368694055
"Erie",2016,"Corn",86.7,"perc_ct",2.43583281207399
"Erie",2016,"Soybeans",95.02,"perc_ct",3.02966998167907
"Erie",2017,"Corn",103.45,"perc_ct",4.19368895113679
"Erie",2017,"Soybeans",99.41,"perc_ct",5.08621974927992
"Erie",2018,"Corn",113.8,"perc_ct",7.91231557098154
"Erie",2018,"Soybeans",115.59,"perc_ct",4.74741479846244
"Erie",2019,"Corn",114.64,"perc_ct",7.9426594074539
"Erie",2019,"Soybeans",94.74,"perc_ct",13.1390190420058
"Erie",2020,"Corn",114.51,"perc_ct",5.68739257508715
"Erie",2020,"Soybeans",105.2,"perc_ct",4.63201643880939
"Erie",2021,"Corn",97.17,"perc_ct",14.716271884325
"Erie",2021,"Soybeans",112.08,"perc_ct",12.5422370089323
"Franklin",2020,"Corn",87.83,"perc_ct",1.95027176406225
"Franklin",2020,"Soybeans",79.03,"perc_ct",2.79090926033774
"Franklin",2021,"Corn",84.49,"perc_ct",0.324117258674518
"Fulton",2015,"Corn",53.18,"perc_ct",4.11541027006335
"Fulton",2019,"Corn",97.45,"perc_ct",1.29430456679507
"Genesee",2015,"Soybeans",91.17,"perc_ct",6.7363363868742
"Genesee",2017,"Soybeans",89.38,"perc_ct",12.2808649213123
"Genesee",2018,"Corn",101.34,"perc_ct",20.0286941926029
"Genesee",2018,"Soybeans",104.63,"perc_ct",6.77659628180675
"Genesee",2019,"Corn",101.7,"perc_ct",5.00380111955307
"Genesee",2019,"Soybeans",105.44,"perc_ct",3.69529712654124
"Genesee",2020,"Corn",101.4,"perc_ct",20.7372391686046
"Genesee",2020,"Soybeans",105.05,"perc_ct",8.07150656374536
"Genesee",2021,"Soybeans",102.36,"perc_ct",26.1325483102116
"Herkimer",2015,"Corn",60.19,"perc_ct",6.58702065775064
"Herkimer",2016,"Soybeans",73.45,"perc_ct",6.54568836487041
"Herkimer",2017,"Corn",83.8,"perc_ct",6.84476220291519
"Herkimer",2017,"Soybeans",57.02,"perc_ct",9.62595506439624
"Herkimer",2018,"Soybeans",72.46,"perc_ct",5.37884380172703
"Herkimer",2019,"Soybeans",75.12,"perc_ct",4.20747487508258
"Herkimer",2020,"Corn",80.8,"perc_ct",15.7741446495857
"Herkimer",2020,"Soybeans",73.48,"perc_ct",4.37684480354008
"Herkimer",2021,"Corn",77.79,"perc_ct",7.28227742729233
"Herkimer",2021,"Soybeans",95.44,"perc_ct",7.60997635598773
"Jefferson",2015,"Corn",119.81,"perc_ct",14.1588104087413
"Jefferson",2015,"Soybeans",83.5,"perc_ct",4.63337101020802
"Jefferson",2016,"Corn",67.92,"perc_ct",16.6905813207927
"Jefferson",2016,"Soybeans",79.31,"perc_ct",25.5036486467434
"Jefferson",2017,"Corn",83.99,"perc_ct",14.9726167291477
"Jefferson",2017,"Soybeans",73.55,"perc_ct",22.2322565074732
"Jefferson",2018,"Corn",87.06,"perc_ct",18.5279209639567
"Jefferson",2018,"Soybeans",78.54,"perc_ct",11.0264253693708
"Jefferson",2019,"Corn",95.86,"perc_ct",7.16316037725123
"Jefferson",2019,"Soybeans",83.31,"perc_ct",9.17909111007745
"Jefferson",2020,"Corn",92.41,"perc_ct",29.6775663780597
"Jefferson",2020,"Soybeans",75.99,"perc_ct",14.2997097034592
"Jefferson",2021,"Corn",80.1,"perc_ct",17.5562546918944
"Jefferson",2021,"Soybeans",87.97,"perc_ct",11.939295685051
"Lewis",2016,"Corn",62.71,"perc_ct",13.4214051468644
"Lewis",2016,"Soybeans",59.78,"perc_ct",8.37297421785194
"Lewis",2017,"Corn",78.35,"perc_ct",8.21298119175332
"Lewis",2017,"Soybeans",64.76,"perc_ct",27.8237468235319
"Lewis",2018,"Corn",98.54,"perc_ct",8.15452472203088
"Lewis",2019,"Corn",87.57,"perc_ct",3.64420211992827
"Lewis",2019,"Soybeans",92.59,"perc_ct",11.5995334273538
"Lewis",2020,"Corn",78.34,"perc_ct",23.1356491389285
"Lewis",2020,"Soybeans",92.55,"perc_ct",30.4434039066761
"Lewis",2021,"Corn",76.32,"perc_ct",8.66999307833547
"Lewis",2021,"Soybeans",88.8,"perc_ct",2.46869397515529
"Livingston",2015,"Corn",98.47,"perc_ct",18.5855279052451
"Livingston",2015,"Soybeans",93.32,"perc_ct",17.1655378293218
"Livingston",2017,"Corn",93.27,"perc_ct",10.5496479774303
"Livingston",2017,"Soybeans",97.24,"perc_ct",16.8555987172576
"Livingston",2018,"Corn",105.6,"perc_ct",17.7024201778733
"Livingston",2018,"Soybeans",106.77,"perc_ct",12.2422306558577
"Livingston",2019,"Corn",101.15,"perc_ct",4.6238789213108
"Livingston",2019,"Soybeans",115.79,"perc_ct",5.21948267098048
"Livingston",2020,"Corn",109.44,"perc_ct",3.47042746853146
"Livingston",2020,"Soybeans",107.67,"perc_ct",1.80888977178443
"Livingston",2021,"Corn",92.9,"perc_ct",17.5831177194251
"Livingston",2021,"Soybeans",99.16,"perc_ct",13.4187923510563
"Madison",2015,"Corn",56.68,"perc_ct",1.59396400524335
"Madison",2015,"Soybeans",53.53,"perc_ct",0.941094065150922
"Madison",2016,"Corn",62.54,"perc_ct",4.94543429497705
"Madison",2016,"Soybeans",65.78,"perc_ct",3.75602126295471
"Madison",2017,"Corn",71.06,"perc_ct",1.90218138747283
"Madison",2017,"Soybeans",52.41,"perc_ct",7.10845511468777
"Madison",2018,"Corn",83.18,"perc_ct",14.4793179193427
"Madison",2018,"Soybeans",76.72,"perc_ct",12.1701221836769
"Madison",2019,"Corn",81.47,"perc_ct",6.41225516201383
"Madison",2019,"Soybeans",77.95,"perc_ct",6.40573039390872
"Madison",2020,"Corn",78.29,"perc_ct",22.2619128863133
"Madison",2020,"Soybeans",71.57,"perc_ct",5.42824998069813
"Madison",2021,"Corn",73.03,"perc_ct",21.7191682690218
"Madison",2021,"Soybeans",78.09,"perc_ct",15.0584958975703
"Montgomery",2015,"Corn",54.86,"perc_ct",4.12286363217694
"Montgomery",2016,"Corn",61.17,"perc_ct",2.23727665066845
"Montgomery",2017,"Corn",76.56,"perc_ct",4.12006589981745
"Montgomery",2018,"Corn",74,"perc_ct",7.70205785049404
"Montgomery",2020,"Corn",74.49,"perc_ct",6.9408861453734
"Montgomery",2020,"Soybeans",71.24,"perc_ct",5.57462351059058
"Montgomery",2021,"Corn",71.56,"perc_ct",2.36931517891272
"Montgomery",2021,"Soybeans",72.81,"perc_ct",1.64911710208846
"Oneida",2015,"Corn",56.79,"perc_ct",5.69708546028958
"Oneida",2015,"Soybeans",69.07,"perc_ct",2.16172169081804
"Oneida",2016,"Corn",94.41,"perc_ct",6.62758946265986
"Oneida",2016,"Soybeans",68.14,"perc_ct",13.4160425400121
"Oneida",2017,"Corn",77.38,"perc_ct",7.04074892600813
"Oneida",2017,"Soybeans",64.74,"perc_ct",7.06354898304358
"Oneida",2018,"Corn",73.99,"perc_ct",11.0194959655431
"Oneida",2018,"Soybeans",79.76,"perc_ct",11.6834830661115
"Oneida",2019,"Corn",83.8,"perc_ct",4.86441692813082
"Oneida",2019,"Soybeans",80.87,"perc_ct",7.1043667039671
"Oneida",2020,"Corn",83.74,"perc_ct",17.2647239821133
"Oneida",2020,"Soybeans",73.75,"perc_ct",13.4388511441832
"Oneida",2021,"Corn",78.74,"perc_ct",14.6977694071239
"Oneida",2021,"Soybeans",77.54,"perc_ct",11.9461014253271
"Onondaga",2015,"Corn",79.2,"perc_ct",4.63463737362927
"Onondaga",2015,"Soybeans",102.48,"perc_ct",2.51450616372286
"Onondaga",2016,"Corn",99.13,"perc_ct",6.97867906262744
"Onondaga",2016,"Soybeans",115.9,"perc_ct",3.9020220904495
"Onondaga",2017,"Corn",96.8,"perc_ct",2.71109816331816
"Onondaga",2017,"Soybeans",111.37,"perc_ct",1.6955436771793
"Onondaga",2018,"Corn",107.75,"perc_ct",7.17126367895858
"Onondaga",2018,"Soybeans",124.73,"perc_ct",6.52084706928315
"Onondaga",2019,"Corn",109.47,"perc_ct",4.76851939958725
"Onondaga",2019,"Soybeans",109.91,"perc_ct",3.52005587308799
"Onondaga",2020,"Corn",117.06,"perc_ct",17.5809776267877
"Onondaga",2020,"Soybeans",103.75,"perc_ct",8.36314959580171
"Onondaga",2021,"Corn",97.69,"perc_ct",16.8527156363276
"Onondaga",2021,"Soybeans",122.78,"perc_ct",9.25130880358085
"Ontario",2015,"Corn",102.38,"perc_ct",10.519329157942
"Ontario",2015,"Soybeans",105.33,"perc_ct",13.0446811440375
"Ontario",2016,"Corn",106.2,"perc_ct",10.6070476745575
"Ontario",2016,"Soybeans",119.38,"perc_ct",11.4248233801549
"Ontario",2017,"Corn",117.93,"perc_ct",4.53959037986437
"Ontario",2017,"Soybeans",123.93,"perc_ct",5.04572325346598
"Ontario",2018,"Soybeans",124.53,"perc_ct",9.56063404784571
"Ontario",2019,"Corn",123.12,"perc_ct",5.32156027597677
"Ontario",2019,"Soybeans",119.07,"perc_ct",5.77511936043499
"Ontario",2020,"Corn",120.53,"perc_ct",15.3319727770656
"Ontario",2020,"Soybeans",124.7,"perc_ct",9.27945404090928
"Ontario",2021,"Corn",111.37,"perc_ct",13.5052429747772
"Ontario",2021,"Soybeans",119.32,"perc_ct",9.56613320591132
"Orange",2016,"Corn",79.84,"perc_ct",1.88077726299107
"Orange",2017,"Soybeans",78.51,"perc_ct",5.32820223047712
"Orange",2020,"Corn",112.04,"perc_ct",0.548337840307587
"Orange",2021,"Soybeans",123.7,"perc_ct",0.640125502087591
"Oswego",2016,"Corn",79.5,"perc_ct",3.82569651344442
"Oswego",2016,"Soybeans",74.88,"perc_ct",4.34811033007186
"Oswego",2017,"Corn",80.14,"perc_ct",3.93085872330307
"Oswego",2018,"Soybeans",110.7,"perc_ct",8.39408047172029
"Oswego",2019,"Soybeans",103.23,"perc_ct",0.824355638918086
"Oswego",2020,"Corn",107.91,"perc_ct",22.8587104343079
"Oswego",2020,"Soybeans",98.56,"perc_ct",5.56608210670387
"Oswego",2021,"Corn",89.63,"perc_ct",13.5265853181483
"Oswego",2021,"Soybeans",111.04,"perc_ct",10.5857000375851
"Otsego",2015,"Soybeans",64.34,"perc_ct",1.28826851584208
"Otsego",2016,"Corn",102.97,"perc_ct",3.78221686490414
"Otsego",2016,"Soybeans",51.58,"perc_ct",7.37107991328623
"Otsego",2017,"Corn",61.68,"perc_ct",11.7637806990644
"Otsego",2019,"Corn",67.15,"perc_ct",3.19805123426801
"Otsego",2019,"Soybeans",53.88,"perc_ct",5.10238864027827
"Otsego",2020,"Corn",58.58,"perc_ct",18.2183727406336
"Otsego",2020,"Soybeans",60.76,"perc_ct",7.80950406121699
"Otsego",2021,"Corn",53.8,"perc_ct",6.66397932693649
"Otsego",2021,"Soybeans",57.66,"perc_ct",5.25585432666966
"Schoharie",2016,"Corn",54.49,"perc_ct",0.685323608908471
"Schoharie",2017,"Corn",97.92,"perc_ct",1.83835315190058
"Schoharie",2020,"Corn",70.41,"perc_ct",9.59790752227995
"Schoharie",2021,"Corn",68.71,"perc_ct",0.266136158239938
"Schuyler",2019,"Soybeans",72.16,"perc_ct",19.5640677218961
"Schuyler",2020,"Soybeans",97.09,"perc_ct",11.905983864376
"Seneca",2021,"Corn",124.67,"perc_ct",13.7823715182008
"Steuben",2015,"Corn",84.95,"perc_ct",13.4696020970426
"Steuben",2015,"Soybeans",64.97,"perc_ct",9.74650471470446
"Steuben",2016,"Corn",83.61,"perc_ct",6.44401248814587
"Steuben",2016,"Soybeans",69.68,"perc_ct",8.98857685636651
"Steuben",2017,"Corn",100.09,"perc_ct",6.0260262180803
"Steuben",2017,"Soybeans",68.63,"perc_ct",18.7129874265279
"Steuben",2018,"Corn",124.27,"perc_ct",13.0939852437975
"Steuben",2018,"Soybeans",79.88,"perc_ct",13.8348126241626
"Steuben",2019,"Soybeans",75.19,"perc_ct",14.6477324037513
"Steuben",2020,"Corn",108.03,"perc_ct",14.7361631514813
"Steuben",2020,"Soybeans",76.3,"perc_ct",14.767410501712
"Steuben",2021,"Corn",91.53,"perc_ct",27.3672582709417
"Steuben",2021,"Soybeans",88.56,"perc_ct",39.8695365304735
"Sullivan",2016,"Corn",54.71,"perc_ct",10.4118923009084
"Sullivan",2018,"Corn",72.87,"perc_ct",12.4862746909179
"Sullivan",2020,"Corn",62.34,"perc_ct",31.570515150639
"Sullivan",2021,"Corn",50.05,"perc_ct",12.8477233190948
"Tioga",2015,"Corn",79.02,"perc_ct",10.1213100668743
"Tioga",2016,"Corn",108.64,"perc_ct",22.0323559999861
"Tioga",2016,"Soybeans",67.14,"perc_ct",33.0651837007802
"Tioga",2017,"Corn",52.81,"perc_ct",2.9263372803067
"Tioga",2018,"Corn",65.95,"perc_ct",8.92907986371708
"Tioga",2018,"Soybeans",62.41,"perc_ct",6.83842981837394
"Tioga",2019,"Soybeans",55.38,"perc_ct",13.2746540644939
"Tioga",2020,"Soybeans",65.25,"perc_ct",27.5660169836263
"Tioga",2021,"Corn",54.37,"perc_ct",7.35912401129515
"Tompkins",2015,"Corn",111.67,"perc_ct",5.25619339580389
"Tompkins",2015,"Soybeans",83.83,"perc_ct",2.11156676891888
"Tompkins",2016,"Corn",121.74,"perc_ct",24.8236310459419
"Tompkins",2016,"Soybeans",79.19,"perc_ct",8.97072793093072
"Tompkins",2017,"Corn",84.45,"perc_ct",6.23032602784804
"Tompkins",2017,"Soybeans",85.35,"perc_ct",4.43722652038141
"Tompkins",2018,"Corn",94.91,"perc_ct",10.3468008080841
"Tompkins",2018,"Soybeans",86.55,"perc_ct",8.18319063809922
"Tompkins",2019,"Soybeans",97.32,"perc_ct",13.0445565617844
"Tompkins",2020,"Corn",88.03,"perc_ct",21.503621595769
"Tompkins",2020,"Soybeans",84.27,"perc_ct",13.3373005232196
"Tompkins",2021,"Corn",77.92,"perc_ct",12.0551040440738
"Tompkins",2021,"Soybeans",100.49,"perc_ct",9.08595563667462
"Wyoming",2015,"Corn",53.19,"perc_ct",10.3281661059229
"Wyoming",2015,"Soybeans",77.59,"perc_ct",1.07511834412282
"Wyoming",2017,"Corn",80.73,"perc_ct",2.01010447462013
"Wyoming",2017,"Soybeans",76.42,"perc_ct",0.884413502218722
"Wyoming",2018,"Corn",93.09,"perc_ct",5.97073403824947
"Wyoming",2018,"Soybeans",101.98,"perc_ct",3.43732168351067
"Wyoming",2019,"Corn",109.9,"perc_ct",0.956569661494379
"Wyoming",2020,"Corn",90.68,"perc_ct",4.24157235329893
"Wyoming",2020,"Soybeans",100.12,"perc_ct",0.514059982233719
"Wyoming",2021,"Corn",72.58,"perc_ct",13.2301234711909
"Wyoming",2021,"Soybeans",101.49,"perc_ct",5.73634860143874
"Albany",2020,"Corn",124.58,"perc_cc",40.0221343581
"Allegany",2016,"Corn",83.45,"perc_cc",3.12813285440779
"Allegany",2017,"Corn",94.16,"perc_cc",5.72923721026029
"Allegany",2017,"Soybeans",81.03,"perc_cc",5.32290020944328
"Allegany",2018,"Corn",105.76,"perc_cc",4.48921881125001
"Allegany",2018,"Soybeans",93.06,"perc_cc",1.25321064204741
"Allegany",2020,"Corn",88.15,"perc_cc",2.73032148383735
"Allegany",2021,"Soybeans",89.12,"perc_cc",4.27429062450741
"Broome",2016,"Corn",99.39,"perc_cc",3.369833776912
"Broome",2017,"Corn",55.56,"perc_cc",3.95327562125312
"Broome",2018,"Corn",74.85,"perc_cc",10.3531532570224
"Broome",2020,"Corn",65.42,"perc_cc",15.8414742707347
"Broome",2020,"Soybeans",54.7,"perc_cc",7.84271365912871
"Broome",2021,"Corn",60.11,"perc_cc",9.93147456194306
"Cattaraugus",2015,"Corn",69.21,"perc_cc",3.64223048871221
"Cattaraugus",2015,"Soybeans",84.81,"perc_cc",2.47443918778582
"Cattaraugus",2016,"Corn",79.21,"perc_cc",1.97716690362727
"Cattaraugus",2016,"Soybeans",67.24,"perc_cc",2.32765606352685
"Cattaraugus",2017,"Corn",82.01,"perc_cc",2.93026283518831
"Cattaraugus",2017,"Soybeans",83.05,"perc_cc",0.887238254954012
"Cattaraugus",2018,"Corn",90.05,"perc_cc",8.18686057097263
"Cattaraugus",2019,"Soybeans",90.42,"perc_cc",2.51091987345598
"Cattaraugus",2020,"Corn",86.8,"perc_cc",13.2738227827424
"Cattaraugus",2020,"Soybeans",94.92,"perc_cc",5.13630503261815
"Cattaraugus",2021,"Corn",81.35,"perc_cc",10.2218928117352
"Cattaraugus",2021,"Soybeans",90.42,"perc_cc",1.26822982141035
"Cayuga",2015,"Corn",98.51,"perc_cc",16.7421319690685
"Cayuga",2015,"Soybeans",105.42,"perc_cc",14.4212719287802
"Cayuga",2016,"Corn",99.39,"perc_cc",3.46587370506062
"Cayuga",2016,"Soybeans",112.71,"perc_cc",1.43375126332858
"Cayuga",2017,"Corn",112.65,"perc_cc",26.6940089455149
"Cayuga",2018,"Soybeans",123.84,"perc_cc",7.79797219717946
"Cayuga",2019,"Soybeans",108.05,"perc_cc",11.0278879971252
"Cayuga",2020,"Corn",110.73,"perc_cc",8.04365785109896
"Cayuga",2020,"Soybeans",117.66,"perc_cc",8.51342617877877
"Cayuga",2021,"Corn",99.93,"perc_cc",7.37560866898427
"Cayuga",2021,"Soybeans",119.26,"perc_cc",3.15265507828978
"Chautauqua",2015,"Corn",109.56,"perc_cc",4.39610683403104
"Chautauqua",2015,"Soybeans",91.67,"perc_cc",3.89642859687924
"Chautauqua",2016,"Corn",72.87,"perc_cc",3.48609959267434
"Chautauqua",2017,"Corn",80.92,"perc_cc",5.3306440481614
"Chautauqua",2017,"Soybeans",100.48,"perc_cc",5.0125237437527
"Chautauqua",2018,"Corn",92.72,"perc_cc",7.61916332879548
"Chautauqua",2020,"Corn",88.6,"perc_cc",13.0292978368472
"Chautauqua",2020,"Soybeans",102.79,"perc_cc",6.09343370558438
"Chautauqua",2021,"Corn",84.45,"perc_cc",10.1181793547703
"Chautauqua",2021,"Soybeans",111.2,"perc_cc",2.93117578135023
"Chemung",2015,"Soybeans",66.28,"perc_cc",4.75438430537105
"Chemung",2016,"Soybeans",85.44,"perc_cc",1.36551934524111
"Chemung",2017,"Corn",61.39,"perc_cc",14.6887887386006
"Chemung",2017,"Soybeans",72.35,"perc_cc",2.96365416328631
"Chemung",2018,"Corn",62.16,"perc_cc",7.70963484139945
"Chemung",2020,"Corn",66.21,"perc_cc",5.97934846651655
"Chemung",2021,"Corn",67.49,"perc_cc",12.5204077310084
"Chemung",2021,"Soybeans",58.05,"perc_cc",12.677173682452
"Chenango",2016,"Corn",50.68,"perc_cc",6.1018896243431
"Chenango",2017,"Corn",59.55,"perc_cc",8.94105341885476
"Chenango",2018,"Corn",65.48,"perc_cc",8.63450496096157
"Chenango",2020,"Corn",69.29,"perc_cc",16.3264734242849
"Chenango",2021,"Corn",63.6,"perc_cc",7.13553302628688
"Clinton",2015,"Corn",90.33,"perc_cc",3.06866465314373
"Clinton",2016,"Corn",104.76,"perc_cc",0.283630024091649
"Clinton",2017,"Corn",65.72,"perc_cc",0.490901863213019
"Columbia",2015,"Soybeans",75.15,"perc_cc",8.25671189812823
"Columbia",2016,"Corn",70.24,"perc_cc",9.40915748011554
"Columbia",2017,"Corn",75.15,"perc_cc",2.91434153810346
"Columbia",2017,"Soybeans",87.22,"perc_cc",0.531229144668731
"Columbia",2018,"Soybeans",92.62,"perc_cc",20.045583380914
"Columbia",2019,"Soybeans",72.77,"perc_cc",8.19850984025113
"Columbia",2020,"Corn",82.14,"perc_cc",27.8506629884275
"Columbia",2020,"Soybeans",77.62,"perc_cc",4.81708161304749
"Columbia",2021,"Corn",87.26,"perc_cc",23.0678156746117
"Columbia",2021,"Soybeans",76.1,"perc_cc",6.78535052267911
"Cortland",2015,"Corn",50.17,"perc_cc",7.31687050753757
"Cortland",2016,"Corn",82.7,"perc_cc",4.43819990552682
"Cortland",2016,"Soybeans",83.57,"perc_cc",2.78017979555707
"Cortland",2017,"Corn",61.52,"perc_cc",15.6111280965467
"Cortland",2017,"Soybeans",56.12,"perc_cc",14.6628997322654
"Cortland",2018,"Corn",69.94,"perc_cc",3.24285442411631
"Cortland",2019,"Corn",73.52,"perc_cc",9.17435679821129
"Cortland",2020,"Corn",70.44,"perc_cc",7.96080822702397
"Cortland",2021,"Corn",63.71,"perc_cc",4.78572649706371
"Cortland",2021,"Soybeans",75.48,"perc_cc",2.55273500233947
"Delaware",2018,"Corn",83.22,"perc_cc",21.709736227884
"Delaware",2020,"Corn",65.02,"perc_cc",36.8500213995056
"Delaware",2021,"Corn",59.52,"perc_cc",22.0821280673051
"Dutchess",2016,"Corn",54.97,"perc_cc",10.3584157694886
"Dutchess",2017,"Corn",68.69,"perc_cc",0.321458255124118
"Dutchess",2018,"Soybeans",78.16,"perc_cc",10.7670218300177
"Dutchess",2019,"Corn",96.83,"perc_cc",17.4143763644073
"Dutchess",2020,"Corn",115.35,"perc_cc",10.4236585857108
"Dutchess",2021,"Corn",92.86,"perc_cc",13.0252377975838
"Erie",2015,"Corn",80.48,"perc_cc",2.73421797806023
"Erie",2015,"Soybeans",97.69,"perc_cc",0.59800381050645
"Erie",2016,"Corn",86.7,"perc_cc",5.37015680934406
"Erie",2016,"Soybeans",95.02,"perc_cc",1.96593595450973
"Erie",2017,"Corn",103.45,"perc_cc",1.56851106793713
"Erie",2017,"Soybeans",99.41,"perc_cc",0.824706841284976
"Erie",2018,"Corn",113.8,"perc_cc",9.16962782329538
"Erie",2018,"Soybeans",115.59,"perc_cc",5.75494558084367
"Erie",2019,"Corn",114.64,"perc_cc",9.81240477265125
"Erie",2019,"Soybeans",94.74,"perc_cc",2.10676857426935
"Erie",2020,"Corn",114.51,"perc_cc",18.0069680882573
"Erie",2020,"Soybeans",105.2,"perc_cc",9.17077325087685
"Erie",2021,"Corn",97.17,"perc_cc",9.94956109343798
"Erie",2021,"Soybeans",112.08,"perc_cc",3.63990940154484
"Franklin",2020,"Corn",87.83,"perc_cc",3.34830543554158
"Franklin",2020,"Soybeans",79.03,"perc_cc",1.34586368379807
"Franklin",2021,"Corn",84.49,"perc_cc",6.76116555103977
"Fulton",2017,"Corn",98.26,"perc_cc",2.78828997042377
"Fulton",2018,"Corn",122.1,"perc_cc",2.33371340009922
"Fulton",2019,"Corn",97.45,"perc_cc",1.84587166880707
"Genesee",2015,"Soybeans",91.17,"perc_cc",1.51767196587607
"Genesee",2016,"Corn",85.44,"perc_cc",8.41590875481721
"Genesee",2016,"Soybeans",92.14,"perc_cc",2.96347643778165
"Genesee",2017,"Soybeans",89.38,"perc_cc",3.8299358583862
"Genesee",2018,"Corn",101.34,"perc_cc",12.7526913610149
"Genesee",2018,"Soybeans",104.63,"perc_cc",9.03249600750831
"Genesee",2019,"Corn",101.7,"perc_cc",6.96081337294591
"Genesee",2019,"Soybeans",105.44,"perc_cc",1.44559255300643
"Genesee",2020,"Corn",101.4,"perc_cc",8.22457787122795
"Genesee",2020,"Soybeans",105.05,"perc_cc",3.83840543606665
"Genesee",2021,"Soybeans",102.36,"perc_cc",4.46160068826605
"Herkimer",2015,"Corn",60.19,"perc_cc",0.7093445861813
"Herkimer",2017,"Corn",83.8,"perc_cc",0.893948549744522
"Herkimer",2018,"Soybeans",72.46,"perc_cc",0.517125971842555
"Herkimer",2019,"Soybeans",75.12,"perc_cc",1.28017781737178
"Herkimer",2020,"Corn",80.8,"perc_cc",12.8397420832182
"Herkimer",2020,"Soybeans",73.48,"perc_cc",10.0680971090397
"Herkimer",2021,"Corn",77.79,"perc_cc",2.38894140597458
"Herkimer",2021,"Soybeans",95.44,"perc_cc",3.45499110172108
"Jefferson",2015,"Corn",119.81,"perc_cc",16.7560360423262
"Jefferson",2015,"Soybeans",83.5,"perc_cc",13.2011528780209
"Jefferson",2016,"Corn",67.92,"perc_cc",6.72353926432076
"Jefferson",2016,"Soybeans",79.31,"perc_cc",3.16805923235878
"Jefferson",2017,"Corn",83.99,"perc_cc",22.2139243162523
"Jefferson",2017,"Soybeans",73.55,"perc_cc",11.9331904531507
"Jefferson",2018,"Corn",87.06,"perc_cc",4.06538616162741
"Jefferson",2018,"Soybeans",78.54,"perc_cc",1.91726363555179
"Jefferson",2019,"Corn",95.86,"perc_cc",11.2835143887264
"Jefferson",2019,"Soybeans",83.31,"perc_cc",1.52089148574785
"Jefferson",2020,"Corn",92.41,"perc_cc",5.20993936472082
"Jefferson",2020,"Soybeans",75.99,"perc_cc",4.52355507967
"Jefferson",2021,"Corn",80.1,"perc_cc",7.82522891993152
"Jefferson",2021,"Soybeans",87.97,"perc_cc",5.79844767754261
"Lewis",2015,"Soybeans",61.01,"perc_cc",4.00880006908673
"Lewis",2016,"Corn",62.71,"perc_cc",2.79777919360766
"Lewis",2017,"Corn",78.35,"perc_cc",17.2054207514123
"Lewis",2017,"Soybeans",64.76,"perc_cc",18.0638051857067
"Lewis",2018,"Corn",98.54,"perc_cc",1.41937906692395
"Lewis",2019,"Corn",87.57,"perc_cc",2.85267948328195
"Lewis",2020,"Corn",78.34,"perc_cc",0.17574353064901
"Lewis",2021,"Corn",76.32,"perc_cc",9.74847446270553
"Lewis",2021,"Soybeans",88.8,"perc_cc",7.49475676136509
"Livingston",2015,"Corn",98.47,"perc_cc",3.12170577895532
"Livingston",2015,"Soybeans",93.32,"perc_cc",0.293818033110054
"Livingston",2016,"Corn",93.47,"perc_cc",5.66454233225812
"Livingston",2016,"Soybeans",104.81,"perc_cc",2.92449047774003
"Livingston",2017,"Corn",93.27,"perc_cc",6.26051783656191
"Livingston",2017,"Soybeans",97.24,"perc_cc",2.61190067992447
"Livingston",2018,"Corn",105.6,"perc_cc",1.75777707263784
"Livingston",2018,"Soybeans",106.77,"perc_cc",0.597879681691623
"Livingston",2019,"Corn",101.15,"perc_cc",5.24829628102162
"Livingston",2019,"Soybeans",115.79,"perc_cc",0.935650843945079
"Livingston",2020,"Corn",109.44,"perc_cc",1.07406857348338
"Livingston",2020,"Soybeans",107.67,"perc_cc",0.446029594672397
"Livingston",2021,"Corn",92.9,"perc_cc",10.3874132805848
"Livingston",2021,"Soybeans",99.16,"perc_cc",2.94720873401824
"Madison",2015,"Corn",56.68,"perc_cc",3.69862074766943
"Madison",2015,"Soybeans",53.53,"perc_cc",0.531807403037735
"Madison",2016,"Corn",62.54,"perc_cc",3.27993235725835
"Madison",2016,"Soybeans",65.78,"perc_cc",0.46566835700052
"Madison",2017,"Corn",71.06,"perc_cc",7.59243875741437
"Madison",2017,"Soybeans",52.41,"perc_cc",5.5474148379334
"Madison",2018,"Corn",83.18,"perc_cc",6.40690476017105
"Madison",2018,"Soybeans",76.72,"perc_cc",9.37419462471305
"Madison",2019,"Corn",81.47,"perc_cc",2.93974057714983
"Madison",2019,"Soybeans",77.95,"perc_cc",1.27842020314816
"Madison",2020,"Corn",78.29,"perc_cc",12.6144800974926
"Madison",2020,"Soybeans",71.57,"perc_cc",24.6683801070614
"Madison",2021,"Corn",73.03,"perc_cc",4.17831615892571
"Madison",2021,"Soybeans",78.09,"perc_cc",0.7840581125855
"Montgomery",2015,"Corn",54.86,"perc_cc",1.8502188551676
"Montgomery",2016,"Corn",61.17,"perc_cc",4.30559057085312
"Montgomery",2017,"Corn",76.56,"perc_cc",3.11794878302491
"Montgomery",2018,"Corn",74,"perc_cc",8.55832756672284
"Montgomery",2020,"Corn",74.49,"perc_cc",19.1976357205077
"Montgomery",2020,"Soybeans",71.24,"perc_cc",8.83587191435427
"Montgomery",2021,"Corn",71.56,"perc_cc",6.71056444915938
"Montgomery",2021,"Soybeans",72.81,"perc_cc",1.07640947221721
"Oneida",2015,"Corn",56.79,"perc_cc",6.37726009128769
"Oneida",2015,"Soybeans",69.07,"perc_cc",4.87962088597616
"Oneida",2016,"Corn",94.41,"perc_cc",0.847859930372733
"Oneida",2017,"Corn",77.38,"perc_cc",4.87373142719919
"Oneida",2017,"Soybeans",64.74,"perc_cc",4.69139182809964
"Oneida",2018,"Corn",73.99,"perc_cc",9.68377065098721
"Oneida",2018,"Soybeans",79.76,"perc_cc",6.94786402170247
"Oneida",2019,"Corn",83.8,"perc_cc",5.03990029411145
"Oneida",2019,"Soybeans",80.87,"perc_cc",1.4919428172698
"Oneida",2020,"Corn",83.74,"perc_cc",7.14847400662394
"Oneida",2020,"Soybeans",73.75,"perc_cc",8.68015531074481
"Oneida",2021,"Corn",78.74,"perc_cc",0.420660677520989
"Onondaga",2015,"Corn",79.2,"perc_cc",20.803698745193
"Onondaga",2015,"Soybeans",102.48,"perc_cc",19.0872550810269
"Onondaga",2016,"Corn",99.13,"perc_cc",2.45420613737446
"Onondaga",2016,"Soybeans",115.9,"perc_cc",1.95367849333816
"Onondaga",2017,"Corn",96.8,"perc_cc",9.44509668719919
"Onondaga",2017,"Soybeans",111.37,"perc_cc",8.50708599381706
"Onondaga",2018,"Corn",107.75,"perc_cc",7.009702983301
"Onondaga",2018,"Soybeans",124.73,"perc_cc",8.65597125573585
"Onondaga",2019,"Corn",109.47,"perc_cc",20.8957261863566
"Onondaga",2019,"Soybeans",109.91,"perc_cc",18.1815695310364
"Onondaga",2020,"Corn",117.06,"perc_cc",9.83099969577915
"Onondaga",2020,"Soybeans",103.75,"perc_cc",9.82422377242916
"Onondaga",2021,"Corn",97.69,"perc_cc",1.45321693126063
"Onondaga",2021,"Soybeans",122.78,"perc_cc",0.989119709936453
"Ontario",2015,"Corn",102.38,"perc_cc",2.38336046682803
"Ontario",2015,"Soybeans",105.33,"perc_cc",1.41287452652978
"Ontario",2016,"Corn",106.2,"perc_cc",3.88298770882727
"Ontario",2016,"Soybeans",119.38,"perc_cc",0.824167280203948
"Ontario",2017,"Corn",117.93,"perc_cc",8.88961246313407
"Ontario",2017,"Soybeans",123.93,"perc_cc",6.49574496784779
"Ontario",2018,"Soybeans",124.53,"perc_cc",0.563641309071945
"Ontario",2019,"Corn",123.12,"perc_cc",12.0056784325199
"Ontario",2019,"Soybeans",119.07,"perc_cc",6.11704532165047
"Ontario",2020,"Corn",120.53,"perc_cc",1.83428436317507
"Ontario",2020,"Soybeans",124.7,"perc_cc",1.43575065493092
"Ontario",2021,"Corn",111.37,"perc_cc",9.27886624758009
"Ontario",2021,"Soybeans",119.32,"perc_cc",3.05734359003108
"Orange",2016,"Corn",79.84,"perc_cc",2.7805415915257
"Orange",2017,"Corn",85.56,"perc_cc",2.60437851859824
"Orange",2017,"Soybeans",78.51,"perc_cc",1.01543738667341
"Orange",2018,"Soybeans",77.16,"perc_cc",17.5488542673373
"Orange",2020,"Corn",112.04,"perc_cc",12.2221186489859
"Orange",2020,"Soybeans",108.3,"perc_cc",18.4296079929745
"Orange",2021,"Corn",95.17,"perc_cc",8.8288727683285
"Orange",2021,"Soybeans",123.7,"perc_cc",2.62926767000497
"Oswego",2016,"Corn",79.5,"perc_cc",0.562371246448971
"Oswego",2016,"Soybeans",74.88,"perc_cc",0.793445638409577
"Oswego",2017,"Corn",80.14,"perc_cc",4.25484151175837
"Oswego",2018,"Soybeans",110.7,"perc_cc",7.19680400183567
"Oswego",2019,"Soybeans",103.23,"perc_cc",3.01198470418234
"Oswego",2020,"Corn",107.91,"perc_cc",12.9451466047782
"Oswego",2020,"Soybeans",98.56,"perc_cc",13.8816959668384
"Oswego",2021,"Corn",89.63,"perc_cc",3.55491357433938
"Otsego",2015,"Soybeans",64.34,"perc_cc",1.67838356488517
"Otsego",2016,"Corn",102.97,"perc_cc",0.749481108398869
"Otsego",2017,"Corn",61.68,"perc_cc",2.36014918080178
"Otsego",2019,"Corn",67.15,"perc_cc",2.71320454580173
"Otsego",2020,"Corn",58.58,"perc_cc",7.05228674754514
"Otsego",2020,"Soybeans",60.76,"perc_cc",3.72068529589672
"Otsego",2021,"Corn",53.8,"perc_cc",4.4239906516422
"Otsego",2021,"Soybeans",57.66,"perc_cc",0.522979892062908
"Rensselaer",2016,"Corn",58.67,"perc_cc",12.4844409519238
"Rensselaer",2017,"Corn",65.34,"perc_cc",2.11854642957504
"Rensselaer",2018,"Corn",65.22,"perc_cc",17.2263223960773
"Rensselaer",2019,"Corn",64.63,"perc_cc",13.3251609064262
"Rensselaer",2020,"Corn",62.19,"perc_cc",22.3023358976104
"Rensselaer",2021,"Corn",123.51,"perc_cc",20.8281585357916
"Rensselaer",2021,"Soybeans",63.84,"perc_cc",19.8236832429551
"Saratoga",2015,"Corn",50.59,"perc_cc",23.4541649292714
"Saratoga",2016,"Corn",53.08,"perc_cc",9.66181794485846
"Saratoga",2017,"Corn",57.31,"perc_cc",4.24127493516452
"Saratoga",2018,"Corn",65.86,"perc_cc",13.7026838335959
"Saratoga",2019,"Corn",104.79,"perc_cc",8.96604921005139
"Saratoga",2020,"Corn",60.47,"perc_cc",17.4189443272182
"Saratoga",2021,"Corn",56.36,"perc_cc",17.4175523141382
"Schoharie",2015,"Corn",52.98,"perc_cc",4.74063815381361
"Schoharie",2016,"Corn",54.49,"perc_cc",7.17056611970128
"Schoharie",2017,"Corn",97.92,"perc_cc",4.58955389260223
"Schoharie",2020,"Corn",70.41,"perc_cc",14.3588524935245
"Schoharie",2021,"Corn",68.71,"perc_cc",6.99719521288323
"Schuyler",2019,"Soybeans",72.16,"perc_cc",1.41317963839736
"Schuyler",2020,"Soybeans",97.09,"perc_cc",2.53938258640606
"Seneca",2021,"Corn",124.67,"perc_cc",3.23078506944348
"Steuben",2015,"Corn",84.95,"perc_cc",1.86073189254058
"Steuben",2016,"Corn",83.61,"perc_cc",1.57028483774265
"Steuben",2016,"Soybeans",69.68,"perc_cc",1.19459292634829
"Steuben",2017,"Corn",100.09,"perc_cc",3.07937546342443
"Steuben",2017,"Soybeans",68.63,"perc_cc",2.0273545918662
"Steuben",2018,"Corn",124.27,"perc_cc",0.120040410117979
"Steuben",2019,"Soybeans",75.19,"perc_cc",0.460460900477535
"Steuben",2020,"Corn",108.03,"perc_cc",9.41446298961614
"Steuben",2020,"Soybeans",76.3,"perc_cc",4.23348034491867
"Steuben",2021,"Corn",91.53,"perc_cc",6.15450540179079
"Steuben",2021,"Soybeans",88.56,"perc_cc",2.84300236956829
"Suffolk",2019,"Corn",119.67,"perc_cc",39.520725470988
"Suffolk",2021,"Corn",112.41,"perc_cc",49.2724217551787
"Sullivan",2016,"Corn",54.71,"perc_cc",20.9977765867693
"Sullivan",2018,"Corn",72.87,"perc_cc",17.6102857799117
"Sullivan",2020,"Corn",62.34,"perc_cc",4.57946827096238
"Tioga",2015,"Corn",79.02,"perc_cc",3.35717826398279
"Tioga",2016,"Corn",108.64,"perc_cc",4.84498147451997
"Tioga",2017,"Corn",52.81,"perc_cc",7.11163906321445
"Tioga",2018,"Corn",65.95,"perc_cc",5.20755549101504
"Tioga",2018,"Soybeans",62.41,"perc_cc",5.13614549975019
"Tioga",2020,"Soybeans",65.25,"perc_cc",7.94990663928909
"Tioga",2021,"Corn",54.37,"perc_cc",11.0582229037494
"Tompkins",2015,"Corn",111.67,"perc_cc",7.39772240935985
"Tompkins",2015,"Soybeans",83.83,"perc_cc",2.05726040281325
"Tompkins",2016,"Corn",121.74,"perc_cc",3.37640090757806
"Tompkins",2016,"Soybeans",79.19,"perc_cc",2.70451358231327
"Tompkins",2017,"Corn",84.45,"perc_cc",20.9470693981963
"Tompkins",2017,"Soybeans",85.35,"perc_cc",16.5937574057711
"Tompkins",2018,"Corn",94.91,"perc_cc",6.37558454211001
"Tompkins",2018,"Soybeans",86.55,"perc_cc",1.52937827019591
"Tompkins",2019,"Soybeans",97.32,"perc_cc",7.82118153509603
"Tompkins",2020,"Corn",88.03,"perc_cc",11.1532314582502
"Tompkins",2020,"Soybeans",84.27,"perc_cc",5.71145678649257
"Tompkins",2021,"Corn",77.92,"perc_cc",7.45437865069359
"Tompkins",2021,"Soybeans",100.49,"perc_cc",0.873230793871601
"Ulster",2016,"Corn",118.83,"perc_cc",3.07402668423306
"Ulster",2021,"Corn",114.64,"perc_cc",10.3598762840575
"Washington",2016,"Corn",52.41,"perc_cc",13.9842377478924
"Washington",2017,"Corn",59.37,"perc_cc",4.39787162968081
"Washington",2018,"Corn",100.12,"perc_cc",17.3170763595126
"Washington",2019,"Corn",64.72,"perc_cc",17.4408777605318
"Washington",2020,"Corn",63.88,"perc_cc",19.1163775322185
"Washington",2021,"Corn",56.28,"perc_cc",31.1832399278208
"Wyoming",2015,"Corn",53.19,"perc_cc",4.45716305089548
"Wyoming",2015,"Soybeans",77.59,"perc_cc",0.718470214919815
"Wyoming",2016,"Corn",60.51,"perc_cc",8.82684566794146
"Wyoming",2016,"Soybeans",85.37,"perc_cc",6.24165714674141
"Wyoming",2017,"Corn",80.73,"perc_cc",9.8094445883476
"Wyoming",2017,"Soybeans",76.42,"perc_cc",10.8342929765463
"Wyoming",2018,"Corn",93.09,"perc_cc",6.20058772540205
"Wyoming",2018,"Soybeans",101.98,"perc_cc",1.79006320511291
"Wyoming",2019,"Corn",109.9,"perc_cc",5.40665739703244
"Wyoming",2019,"Soybeans",98.8,"perc_cc",0.965224362627876
"Wyoming",2020,"Corn",90.68,"perc_cc",2.9820434323758
"Wyoming",2020,"Soybeans",100.12,"perc_cc",3.37589126608168
"Wyoming",2021,"Corn",72.58,"perc_cc",13.5133959303075
"Wyoming",2021,"Soybeans",101.49,"perc_cc",5.17598474365968
"Allegany",2015,"Soybeans",75.75,"perc_nt",24.5587593087064
"Allegany",2016,"Corn",83.45,"perc_nt",3.88198196709007
"Allegany",2017,"Corn",94.16,"perc_nt",22.180712498381
"Allegany",2017,"Soybeans",81.03,"perc_nt",11.2428205165275
"Allegany",2018,"Corn",105.76,"perc_nt",32.7627170121143
"Allegany",2018,"Soybeans",93.06,"perc_nt",61.1624742949091
"Allegany",2019,"Soybeans",104.22,"perc_nt",19.0619722829509
"Allegany",2020,"Corn",88.15,"perc_nt",20.5875750065148
"Allegany",2020,"Soybeans",67.85,"perc_nt",14.2674735429585
"Allegany",2021,"Soybeans",89.12,"perc_nt",13.3999695251768
"Broome",2016,"Corn",99.39,"perc_nt",35.5516279890441
"Broome",2017,"Corn",55.56,"perc_nt",24.5662104062849
"Broome",2018,"Corn",74.85,"perc_nt",27.6197370589765
"Broome",2020,"Corn",65.42,"perc_nt",19.9462701929937
"Broome",2020,"Soybeans",54.7,"perc_nt",6.88543039828421
"Broome",2021,"Corn",60.11,"perc_nt",23.3229945242024
"Cattaraugus",2015,"Corn",69.21,"perc_nt",46.9392731969508
"Cattaraugus",2015,"Soybeans",84.81,"perc_nt",46.4700546298448
"Cattaraugus",2016,"Corn",79.21,"perc_nt",13.4387090592039
"Cattaraugus",2016,"Soybeans",67.24,"perc_nt",3.53732985540152
"Cattaraugus",2017,"Corn",82.01,"perc_nt",17.4565300053729
"Cattaraugus",2017,"Soybeans",83.05,"perc_nt",20.5020886602019
"Cattaraugus",2018,"Corn",90.05,"perc_nt",33.2334135873658
"Cattaraugus",2019,"Soybeans",90.42,"perc_nt",19.1781855055494
"Cattaraugus",2020,"Corn",86.8,"perc_nt",13.0190800111962
"Cattaraugus",2020,"Soybeans",94.92,"perc_nt",19.2545317502814
"Cattaraugus",2021,"Corn",81.35,"perc_nt",16.2934365593863
"Cattaraugus",2021,"Soybeans",90.42,"perc_nt",15.5089521181784
"Cayuga",2015,"Corn",98.51,"perc_nt",50.8888487795357
"Cayuga",2015,"Soybeans",105.42,"perc_nt",51.8970234625971
"Cayuga",2016,"Corn",99.39,"perc_nt",14.2282740311203
"Cayuga",2016,"Soybeans",112.71,"perc_nt",9.4803003128541
"Cayuga",2017,"Corn",112.65,"perc_nt",62.7671717547109
"Cayuga",2018,"Soybeans",123.84,"perc_nt",60.8979444679624
"Cayuga",2019,"Soybeans",108.05,"perc_nt",32.8513449303716
"Cayuga",2020,"Corn",110.73,"perc_nt",35.0480111475728
"Cayuga",2020,"Soybeans",117.66,"perc_nt",60.5580836454538
"Cayuga",2021,"Corn",99.93,"perc_nt",36.12081879199
"Cayuga",2021,"Soybeans",119.26,"perc_nt",27.4200267927581
"Chautauqua",2015,"Corn",109.56,"perc_nt",41.9367410215041
"Chautauqua",2015,"Soybeans",91.67,"perc_nt",41.2604811679022
"Chautauqua",2016,"Corn",72.87,"perc_nt",23.1185381917207
"Chautauqua",2017,"Corn",80.92,"perc_nt",19.0946107964472
"Chautauqua",2017,"Soybeans",100.48,"perc_nt",16.8747108726604
"Chautauqua",2018,"Corn",92.72,"perc_nt",31.0988749002581
"Chautauqua",2019,"Soybeans",68.11,"perc_nt",29.8955470616382
"Chautauqua",2020,"Corn",88.6,"perc_nt",16.4175451873013
"Chautauqua",2020,"Soybeans",102.79,"perc_nt",22.5159233649591
"Chautauqua",2021,"Corn",84.45,"perc_nt",15.4404801099435
"Chautauqua",2021,"Soybeans",111.2,"perc_nt",21.1897079050459
"Chemung",2015,"Soybeans",66.28,"perc_nt",40.9154662935151
"Chemung",2016,"Soybeans",85.44,"perc_nt",5.38293690532302
"Chemung",2017,"Corn",61.39,"perc_nt",18.5410284575514
"Chemung",2017,"Soybeans",72.35,"perc_nt",26.6320176808587
"Chemung",2018,"Corn",62.16,"perc_nt",22.7238360055652
"Chemung",2020,"Corn",66.21,"perc_nt",16.1189002494736
"Chemung",2020,"Soybeans",78.62,"perc_nt",53.2208246228181
"Chemung",2021,"Corn",67.49,"perc_nt",21.8574342655742
"Chemung",2021,"Soybeans",58.05,"perc_nt",15.0777282278344
"Chenango",2016,"Corn",50.68,"perc_nt",35.2109627479356
"Chenango",2017,"Corn",59.55,"perc_nt",13.0192319576177
"Chenango",2018,"Corn",65.48,"perc_nt",25.9235052352415
"Chenango",2020,"Corn",69.29,"perc_nt",22.0280678646772
"Chenango",2021,"Corn",63.6,"perc_nt",17.0918457099245
"Cortland",2015,"Corn",50.17,"perc_nt",28.2143249170317
"Cortland",2016,"Corn",82.7,"perc_nt",30.0260087777633
"Cortland",2016,"Soybeans",83.57,"perc_nt",22.029449012544
"Cortland",2017,"Corn",61.52,"perc_nt",33.0098176701819
"Cortland",2017,"Soybeans",56.12,"perc_nt",42.6800348252936
"Cortland",2018,"Corn",69.94,"perc_nt",21.7716568678306
"Cortland",2019,"Corn",73.52,"perc_nt",14.6342974780446
"Cortland",2020,"Corn",70.44,"perc_nt",15.7019312956446
"Cortland",2020,"Soybeans",108.12,"perc_nt",36.8851098167208
"Cortland",2021,"Corn",63.71,"perc_nt",15.7064338064696
"Cortland",2021,"Soybeans",75.48,"perc_nt",24.6640492218045
"Delaware",2018,"Corn",83.22,"perc_nt",21.3929567813018
"Delaware",2020,"Corn",65.02,"perc_nt",15.1053660696643
"Delaware",2021,"Corn",59.52,"perc_nt",13.009348488158
"Erie",2015,"Corn",80.48,"perc_nt",46.7894900622931
"Erie",2015,"Soybeans",97.69,"perc_nt",53.632541040352
"Erie",2016,"Corn",86.7,"perc_nt",18.2421163163352
"Erie",2016,"Soybeans",95.02,"perc_nt",7.58570714472021
"Erie",2017,"Corn",103.45,"perc_nt",40.1489232941243
"Erie",2017,"Soybeans",99.41,"perc_nt",29.1232310951471
"Erie",2018,"Corn",113.8,"perc_nt",44.9236038717517
"Erie",2018,"Soybeans",115.59,"perc_nt",54.5143013085878
"Erie",2019,"Corn",114.64,"perc_nt",31.0522337765016
"Erie",2019,"Soybeans",94.74,"perc_nt",20.494376438019
"Erie",2020,"Corn",114.51,"perc_nt",46.2330341502471
"Erie",2020,"Soybeans",105.2,"perc_nt",46.4235001575401
"Erie",2021,"Corn",97.17,"perc_nt",28.5931160073304
"Erie",2021,"Soybeans",112.08,"perc_nt",22.4018263456009
"Franklin",2020,"Corn",87.83,"perc_nt",0.962817397392872
"Franklin",2021,"Corn",84.49,"perc_nt",1.08046013371356
"Fulton",2015,"Corn",53.18,"perc_nt",4.9926509482531
"Fulton",2016,"Corn",83.07,"perc_nt",21.4251412179016
"Fulton",2017,"Corn",98.26,"perc_nt",3.74887279938423
"Fulton",2018,"Corn",122.1,"perc_nt",0.741668910879845
"Fulton",2019,"Corn",97.45,"perc_nt",5.36928073023372
"Genesee",2015,"Soybeans",91.17,"perc_nt",29.9055659675038
"Genesee",2017,"Soybeans",89.38,"perc_nt",27.2090833621353
"Genesee",2018,"Corn",101.34,"perc_nt",30.4352741159409
"Genesee",2018,"Soybeans",104.63,"perc_nt",39.8038961503483
"Genesee",2019,"Corn",101.7,"perc_nt",24.1905663970518
"Genesee",2019,"Soybeans",105.44,"perc_nt",28.8296285780776
"Genesee",2020,"Corn",101.4,"perc_nt",28.2718186835005
"Genesee",2020,"Soybeans",105.05,"perc_nt",34.8368773372068
"Genesee",2021,"Soybeans",102.36,"perc_nt",16.877778032666
"Herkimer",2015,"Corn",60.19,"perc_nt",25.4968924735815
"Herkimer",2015,"Soybeans",63.37,"perc_nt",41.4543605237137
"Herkimer",2016,"Soybeans",73.45,"perc_nt",53.8633620252628
"Herkimer",2017,"Corn",83.8,"perc_nt",18.9711507274036
"Herkimer",2017,"Soybeans",57.02,"perc_nt",14.5260900626654
"Herkimer",2018,"Soybeans",72.46,"perc_nt",7.11898918980495
"Herkimer",2019,"Soybeans",75.12,"perc_nt",14.9052975297503
"Herkimer",2020,"Corn",80.8,"perc_nt",24.7640448550637
"Herkimer",2020,"Soybeans",73.48,"perc_nt",33.5266936711749
"Herkimer",2021,"Corn",77.79,"perc_nt",6.25586217807629
"Herkimer",2021,"Soybeans",95.44,"perc_nt",7.11785929723508
"Jefferson",2015,"Corn",119.81,"perc_nt",16.6144444309432
"Jefferson",2015,"Soybeans",83.5,"perc_nt",29.7446191235431
"Jefferson",2016,"Corn",67.92,"perc_nt",7.91316602640191
"Jefferson",2016,"Soybeans",79.31,"perc_nt",11.0571306293294
"Jefferson",2017,"Corn",83.99,"perc_nt",28.8260956411764
"Jefferson",2017,"Soybeans",73.55,"perc_nt",9.49296014011381
"Jefferson",2018,"Corn",87.06,"perc_nt",32.1041266497381
"Jefferson",2018,"Soybeans",78.54,"perc_nt",37.8385605148471
"Jefferson",2019,"Corn",95.86,"perc_nt",10.2506502842164
"Jefferson",2019,"Soybeans",83.31,"perc_nt",5.58611040860501
"Jefferson",2020,"Corn",92.41,"perc_nt",10.0671510608898
"Jefferson",2020,"Soybeans",75.99,"perc_nt",13.7031326335988
"Jefferson",2021,"Corn",80.1,"perc_nt",16.5545932198756
"Jefferson",2021,"Soybeans",87.97,"perc_nt",18.8488393291491
"Lewis",2015,"Soybeans",61.01,"perc_nt",4.00880006908673
"Lewis",2016,"Corn",62.71,"perc_nt",13.1110321081855
"Lewis",2016,"Soybeans",59.78,"perc_nt",3.14099470487576
"Lewis",2017,"Corn",78.35,"perc_nt",19.3966559019181
"Lewis",2017,"Soybeans",64.76,"perc_nt",9.92046905155338
"Lewis",2018,"Corn",98.54,"perc_nt",30.8276826611556
"Lewis",2019,"Corn",87.57,"perc_nt",26.9866326238569
"Lewis",2019,"Soybeans",92.59,"perc_nt",26.0009774062998
"Lewis",2020,"Corn",78.34,"perc_nt",10.0512388504362
"Lewis",2020,"Soybeans",92.55,"perc_nt",27.7083334445061
"Lewis",2021,"Corn",76.32,"perc_nt",27.8117239974754
"Lewis",2021,"Soybeans",88.8,"perc_nt",23.1394678253803
"Livingston",2015,"Corn",98.47,"perc_nt",32.6160085635374
"Livingston",2015,"Soybeans",93.32,"perc_nt",20.4767868935917
"Livingston",2017,"Corn",93.27,"perc_nt",46.7223077804894
"Livingston",2017,"Soybeans",97.24,"perc_nt",23.2606052617818
"Livingston",2018,"Corn",105.6,"perc_nt",33.3238790308696
"Livingston",2018,"Soybeans",106.77,"perc_nt",41.9531753655522
"Livingston",2019,"Corn",101.15,"perc_nt",26.1356363721421
"Livingston",2019,"Soybeans",115.79,"perc_nt",30.8442530246641
"Livingston",2020,"Corn",109.44,"perc_nt",38.1545180046876
"Livingston",2020,"Soybeans",107.67,"perc_nt",48.9277142359314
"Livingston",2021,"Corn",92.9,"perc_nt",31.3309785946114
"Livingston",2021,"Soybeans",99.16,"perc_nt",23.8069321243052
"Madison",2015,"Corn",56.68,"perc_nt",17.9179003444329
"Madison",2015,"Soybeans",53.53,"perc_nt",17.9681504506722
"Madison",2016,"Corn",62.54,"perc_nt",16.665649357649
"Madison",2016,"Soybeans",65.78,"perc_nt",7.92432986822895
"Madison",2017,"Corn",71.06,"perc_nt",7.93453640255579
"Madison",2017,"Soybeans",52.41,"perc_nt",12.7695515704001
"Madison",2018,"Corn",83.18,"perc_nt",29.3599363452852
"Madison",2018,"Soybeans",76.72,"perc_nt",25.904255468346
"Madison",2019,"Corn",81.47,"perc_nt",21.6915684829152
"Madison",2019,"Soybeans",77.95,"perc_nt",20.1127578165663
"Madison",2020,"Corn",78.29,"perc_nt",13.7712423969062
"Madison",2020,"Soybeans",71.57,"perc_nt",29.7989186158634
"Madison",2021,"Corn",73.03,"perc_nt",14.0947863263659
"Madison",2021,"Soybeans",78.09,"perc_nt",16.4575262766321
"Montgomery",2015,"Corn",54.86,"perc_nt",12.4784897018074
"Montgomery",2016,"Corn",61.17,"perc_nt",20.6599965593044
"Montgomery",2017,"Corn",76.56,"perc_nt",5.55802864214802
"Montgomery",2018,"Corn",74,"perc_nt",9.23585520870117
"Montgomery",2020,"Corn",74.49,"perc_nt",8.9331617879504
"Montgomery",2020,"Soybeans",71.24,"perc_nt",14.0623397440659
"Montgomery",2021,"Corn",71.56,"perc_nt",3.37915695079891
"Montgomery",2021,"Soybeans",72.81,"perc_nt",0.483967090061947
"Oneida",2015,"Corn",56.79,"perc_nt",10.8017114697518
"Oneida",2015,"Soybeans",69.07,"perc_nt",20.7077792342879
"Oneida",2016,"Corn",94.41,"perc_nt",16.6568011234837
"Oneida",2016,"Soybeans",68.14,"perc_nt",7.56006911381989
"Oneida",2017,"Corn",77.38,"perc_nt",17.3851492162674
"Oneida",2017,"Soybeans",64.74,"perc_nt",14.0357656516579
"Oneida",2018,"Corn",73.99,"perc_nt",30.6725273406568
"Oneida",2018,"Soybeans",79.76,"perc_nt",22.9678098227466
"Oneida",2019,"Corn",83.8,"perc_nt",23.1557364463429
"Oneida",2019,"Soybeans",80.87,"perc_nt",18.8710536443269
"Oneida",2020,"Corn",83.74,"perc_nt",18.0003504278722
"Oneida",2020,"Soybeans",73.75,"perc_nt",22.0861784149312
"Oneida",2021,"Corn",78.74,"perc_nt",21.8588543023614
"Oneida",2021,"Soybeans",77.54,"perc_nt",12.4901144441501
"Onondaga",2015,"Corn",79.2,"perc_nt",48.4105133818442
"Onondaga",2015,"Soybeans",102.48,"perc_nt",48.8809356626754
"Onondaga",2016,"Corn",99.13,"perc_nt",14.5270483429374
"Onondaga",2016,"Soybeans",115.9,"perc_nt",7.67630950689132
"Onondaga",2017,"Corn",96.8,"perc_nt",54.2223712612094
"Onondaga",2017,"Soybeans",111.37,"perc_nt",60.0074316285791
"Onondaga",2018,"Corn",107.75,"perc_nt",36.091519706089
"Onondaga",2018,"Soybeans",124.73,"perc_nt",44.3962721026853
"Onondaga",2019,"Corn",109.47,"perc_nt",39.0437426659271
"Onondaga",2019,"Soybeans",109.91,"perc_nt",39.875385986413
"Onondaga",2020,"Corn",117.06,"perc_nt",36.5705969730499
"Onondaga",2020,"Soybeans",103.75,"perc_nt",59.9567852584982
"Onondaga",2021,"Corn",97.69,"perc_nt",30.0982154611174
"Onondaga",2021,"Soybeans",122.78,"perc_nt",34.324534738385
"Ontario",2015,"Corn",102.38,"perc_nt",42.1605644167576
"Ontario",2015,"Soybeans",105.33,"perc_nt",32.4309865942697
"Ontario",2016,"Corn",106.2,"perc_nt",18.4746493164599
"Ontario",2016,"Soybeans",119.38,"perc_nt",15.6666888995758
"Ontario",2017,"Corn",117.93,"perc_nt",49.2605369635809
"Ontario",2017,"Soybeans",123.93,"perc_nt",55.2872275605674
"Ontario",2018,"Soybeans",124.53,"perc_nt",55.6327320545192
"Ontario",2019,"Corn",123.12,"perc_nt",14.028113419241
"Ontario",2019,"Soybeans",119.07,"perc_nt",13.878839149607
"Ontario",2020,"Corn",120.53,"perc_nt",32.1963292200659
"Ontario",2020,"Soybeans",124.7,"perc_nt",43.7876183605394
"Ontario",2021,"Corn",111.37,"perc_nt",36.6931962824949
"Ontario",2021,"Soybeans",119.32,"perc_nt",31.8214698629763
"Orange",2016,"Corn",79.84,"perc_nt",8.90733882314156
"Orange",2017,"Corn",85.56,"perc_nt",7.26993002833152
"Orange",2017,"Soybeans",78.51,"perc_nt",0.844967875416346
"Orange",2018,"Soybeans",77.16,"perc_nt",9.99053038014644
"Orange",2020,"Corn",112.04,"perc_nt",5.66146516830978
"Orange",2020,"Soybeans",108.3,"perc_nt",2.76554842382645
"Orange",2021,"Corn",95.17,"perc_nt",6.33704271961135
"Orange",2021,"Soybeans",123.7,"perc_nt",17.9566716691525
"Oswego",2016,"Corn",79.5,"perc_nt",12.4641520655159
"Oswego",2016,"Soybeans",74.88,"perc_nt",11.2696636572125
"Oswego",2017,"Corn",80.14,"perc_nt",66.5293174341776
"Oswego",2018,"Soybeans",110.7,"perc_nt",50.872795669852
"Oswego",2019,"Soybeans",103.23,"perc_nt",41.6208845073579
"Oswego",2020,"Corn",107.91,"perc_nt",30.0457437309868
"Oswego",2020,"Soybeans",98.56,"perc_nt",60.4594780203189
"Oswego",2021,"Corn",89.63,"perc_nt",42.3160128004605
"Oswego",2021,"Soybeans",111.04,"perc_nt",32.573164168876
"Otsego",2015,"Soybeans",64.34,"perc_nt",51.993325543038
"Otsego",2016,"Corn",102.97,"perc_nt",49.9252724604931
"Otsego",2016,"Soybeans",51.58,"perc_nt",53.9295513760593
"Otsego",2017,"Corn",61.68,"perc_nt",12.9800814549982
"Otsego",2019,"Corn",67.15,"perc_nt",22.9523758587234
"Otsego",2019,"Soybeans",53.88,"perc_nt",17.9011638224526
"Otsego",2020,"Corn",58.58,"perc_nt",25.9819412911717
"Otsego",2020,"Soybeans",60.76,"perc_nt",35.3743609603758
"Otsego",2021,"Corn",53.8,"perc_nt",7.38383636761198
"Otsego",2021,"Soybeans",57.66,"perc_nt",11.1355006611239
"Schoharie",2015,"Corn",52.98,"perc_nt",5.18395551874409
"Schoharie",2016,"Corn",54.49,"perc_nt",7.23083135313821
"Schoharie",2017,"Corn",97.92,"perc_nt",2.30860158511305
"Schoharie",2020,"Corn",70.41,"perc_nt",0.741049752155103
"Schoharie",2021,"Corn",68.71,"perc_nt",0.578495757366801
"Schuyler",2019,"Soybeans",72.16,"perc_nt",35.2929270812944
"Schuyler",2020,"Soybeans",97.09,"perc_nt",49.1683300864369
"Seneca",2021,"Corn",124.67,"perc_nt",43.6544880423953
"Steuben",2015,"Corn",84.95,"perc_nt",35.1610833332213
"Steuben",2015,"Soybeans",64.97,"perc_nt",22.116705420187
"Steuben",2016,"Corn",83.61,"perc_nt",9.97016570641916
"Steuben",2016,"Soybeans",69.68,"perc_nt",10.3068011803739
"Steuben",2017,"Corn",100.09,"perc_nt",29.3527166981746
"Steuben",2017,"Soybeans",68.63,"perc_nt",22.4839276171483
"Steuben",2018,"Corn",124.27,"perc_nt",33.4567705094006
"Steuben",2018,"Soybeans",79.88,"perc_nt",35.1563484858397
"Steuben",2019,"Soybeans",75.19,"perc_nt",16.3767952733828
"Steuben",2020,"Corn",108.03,"perc_nt",26.9940564806928
"Steuben",2020,"Soybeans",76.3,"perc_nt",30.2159171026748
"Steuben",2021,"Corn",91.53,"perc_nt",14.5688164317999
"Steuben",2021,"Soybeans",88.56,"perc_nt",10.2027741935334
"Sullivan",2016,"Corn",54.71,"perc_nt",14.8141294440984
"Sullivan",2018,"Corn",72.87,"perc_nt",15.7739077271869
"Sullivan",2020,"Corn",62.34,"perc_nt",5.02600030322767
"Sullivan",2021,"Corn",50.05,"perc_nt",19.2200783630909
"Tioga",2015,"Corn",79.02,"perc_nt",39.2608904723454
"Tioga",2016,"Corn",108.64,"perc_nt",22.8651658898625
"Tioga",2016,"Soybeans",67.14,"perc_nt",14.0546280352255
"Tioga",2017,"Corn",52.81,"perc_nt",36.4191170086093
"Tioga",2018,"Corn",65.95,"perc_nt",35.29835672362
"Tioga",2018,"Soybeans",62.41,"perc_nt",42.7767326848839
"Tioga",2019,"Soybeans",55.38,"perc_nt",52.4118765636338
"Tioga",2020,"Soybeans",65.25,"perc_nt",22.9148272920439
"Tioga",2021,"Corn",54.37,"perc_nt",21.9631028247414
"Tompkins",2015,"Corn",111.67,"perc_nt",40.1775054278713
"Tompkins",2015,"Soybeans",83.83,"perc_nt",41.9339973163641
"Tompkins",2016,"Corn",121.74,"perc_nt",19.079221987838
"Tompkins",2016,"Soybeans",79.19,"perc_nt",18.9036050701961
"Tompkins",2017,"Corn",84.45,"perc_nt",43.4260018875733
"Tompkins",2017,"Soybeans",85.35,"perc_nt",47.8179854349233
"Tompkins",2018,"Corn",94.91,"perc_nt",34.3858879747105
"Tompkins",2018,"Soybeans",86.55,"perc_nt",45.999304026669
"Tompkins",2019,"Soybeans",97.32,"perc_nt",15.4658439140412
"Tompkins",2020,"Corn",88.03,"perc_nt",29.623413946836
"Tompkins",2020,"Soybeans",84.27,"perc_nt",52.3541174650202
"Tompkins",2021,"Corn",77.92,"perc_nt",29.5156976358095
"Tompkins",2021,"Soybeans",100.49,"perc_nt",26.9516443330185
"Wyoming",2015,"Corn",53.19,"perc_nt",33.8704634108869
"Wyoming",2015,"Soybeans",77.59,"perc_nt",25.4360889590337
"Wyoming",2017,"Corn",80.73,"perc_nt",59.9623548348641
"Wyoming",2017,"Soybeans",76.42,"perc_nt",51.5637050326043
"Wyoming",2018,"Corn",93.09,"perc_nt",46.6250934439643
"Wyoming",2018,"Soybeans",101.98,"perc_nt",56.124588355634
"Wyoming",2019,"Corn",109.9,"perc_nt",36.9251205519557
"Wyoming",2019,"Soybeans",98.8,"perc_nt",41.2168909157227
"Wyoming",2020,"Corn",90.68,"perc_nt",24.1536648091978
"Wyoming",2020,"Soybeans",100.12,"perc_nt",37.5902986768469
"Wyoming",2021,"Corn",72.58,"perc_nt",19.5541580171112
"Wyoming",2021,"Soybeans",101.49,"perc_nt",13.7031336438348
"Allegany",2015,"Soybeans",75.75,"perc_rt",62.0451924330321
"Allegany",2016,"Corn",83.45,"perc_rt",9.15388530815955
"Allegany",2017,"Corn",94.16,"perc_rt",54.0811521233517
"Allegany",2017,"Soybeans",81.03,"perc_rt",43.3633951360924
"Allegany",2018,"Corn",105.76,"perc_rt",54.8029486427196
"Allegany",2018,"Soybeans",93.06,"perc_rt",30.3691944355046
"Allegany",2019,"Soybeans",104.22,"perc_rt",64.582565761938
"Allegany",2020,"Corn",88.15,"perc_rt",66.5992366566898
"Allegany",2020,"Soybeans",67.85,"perc_rt",83.4313380297913
"Allegany",2021,"Soybeans",89.12,"perc_rt",68.8367412019232
"Broome",2016,"Corn",99.39,"perc_rt",35.6326939607467
"Broome",2017,"Corn",55.56,"perc_rt",53.7753377073159
"Broome",2018,"Corn",74.85,"perc_rt",49.9736973767199
"Broome",2020,"Corn",65.42,"perc_rt",57.2240933932784
"Broome",2020,"Soybeans",54.7,"perc_rt",37.0441800912528
"Broome",2021,"Corn",60.11,"perc_rt",57.6225082716266
"Cattaraugus",2015,"Corn",69.21,"perc_rt",32.1452348753285
"Cattaraugus",2015,"Soybeans",84.81,"perc_rt",35.6466747257025
"Cattaraugus",2016,"Corn",79.21,"perc_rt",29.7033333551789
"Cattaraugus",2016,"Soybeans",67.24,"perc_rt",41.7052546746423
"Cattaraugus",2017,"Corn",82.01,"perc_rt",55.7441098143649
"Cattaraugus",2017,"Soybeans",83.05,"perc_rt",56.3821454938981
"Cattaraugus",2018,"Corn",90.05,"perc_rt",53.7361125774295
"Cattaraugus",2019,"Soybeans",90.42,"perc_rt",58.1342596262054
"Cattaraugus",2020,"Corn",86.8,"perc_rt",55.7722692695408
"Cattaraugus",2020,"Soybeans",94.92,"perc_rt",64.1393437418509
"Cattaraugus",2021,"Corn",81.35,"perc_rt",50.7114771903356
"Cattaraugus",2021,"Soybeans",90.42,"perc_rt",63.3378779357221
"Cayuga",2015,"Corn",98.51,"perc_rt",40.554252794209
"Cayuga",2015,"Soybeans",105.42,"perc_rt",43.3215239980361
"Cayuga",2016,"Corn",99.39,"perc_rt",65.2082197343125
"Cayuga",2016,"Soybeans",112.71,"perc_rt",81.3503782515003
"Cayuga",2017,"Corn",112.65,"perc_rt",24.9454452493769
"Cayuga",2018,"Soybeans",123.84,"perc_rt",33.8506917257865
"Cayuga",2019,"Soybeans",108.05,"perc_rt",59.1119827665087
"Cayuga",2020,"Corn",110.73,"perc_rt",44.7703322724636
"Cayuga",2020,"Soybeans",117.66,"perc_rt",28.2366506114861
"Cayuga",2021,"Corn",99.93,"perc_rt",50.2989763980698
"Cayuga",2021,"Soybeans",119.26,"perc_rt",63.5458294404284
"Chautauqua",2015,"Corn",109.56,"perc_rt",43.9470574866314
"Chautauqua",2015,"Soybeans",91.67,"perc_rt",43.7521729305544
"Chautauqua",2016,"Corn",72.87,"perc_rt",48.2765324444618
"Chautauqua",2017,"Corn",80.92,"perc_rt",53.3127466012747
"Chautauqua",2017,"Soybeans",100.48,"perc_rt",62.974652632239
"Chautauqua",2018,"Corn",92.72,"perc_rt",55.0538604566771
"Chautauqua",2019,"Soybeans",68.11,"perc_rt",56.8892914907725
"Chautauqua",2020,"Corn",88.6,"perc_rt",57.1318909555112
"Chautauqua",2020,"Soybeans",102.79,"perc_rt",54.1358528635352
"Chautauqua",2021,"Corn",84.45,"perc_rt",48.7288821952789
"Chautauqua",2021,"Soybeans",111.2,"perc_rt",55.5365205827174
"Chemung",2015,"Soybeans",66.28,"perc_rt",45.1244042546519
"Chemung",2016,"Soybeans",85.44,"perc_rt",93.5747639757014
"Chemung",2017,"Corn",61.39,"perc_rt",62.0722266333491
"Chemung",2017,"Soybeans",72.35,"perc_rt",61.0827454705213
"Chemung",2018,"Corn",62.16,"perc_rt",64.9488537916429
"Chemung",2020,"Corn",66.21,"perc_rt",49.1303728737179
"Chemung",2020,"Soybeans",78.62,"perc_rt",30.8030954584224
"Chemung",2021,"Corn",67.49,"perc_rt",45.0126490947428
"Chemung",2021,"Soybeans",58.05,"perc_rt",53.4312141362791
"Chenango",2016,"Corn",50.68,"perc_rt",43.0096287671676
"Chenango",2017,"Corn",59.55,"perc_rt",37.1879797688206
"Chenango",2018,"Corn",65.48,"perc_rt",62.7040567130642
"Chenango",2020,"Corn",69.29,"perc_rt",57.9784950573645
"Chenango",2021,"Corn",63.6,"perc_rt",63.9466610512478
"Cortland",2015,"Corn",50.17,"perc_rt",33.0857816640839
"Cortland",2016,"Corn",82.7,"perc_rt",40.5440583785133
"Cortland",2016,"Soybeans",83.57,"perc_rt",64.6720400874214
"Cortland",2017,"Corn",61.52,"perc_rt",42.7819919353992
"Cortland",2017,"Soybeans",56.12,"perc_rt",37.9136819119846
"Cortland",2018,"Corn",69.94,"perc_rt",59.7329852691005
"Cortland",2019,"Corn",73.52,"perc_rt",75.4571333151707
"Cortland",2020,"Corn",70.44,"perc_rt",54.8515700351131
"Cortland",2020,"Soybeans",108.12,"perc_rt",52.1246464582325
"Cortland",2021,"Corn",63.71,"perc_rt",62.8907482761829
"Cortland",2021,"Soybeans",75.48,"perc_rt",66.0822753372395
"Delaware",2018,"Corn",83.22,"perc_rt",61.968446885592
"Delaware",2020,"Corn",65.02,"perc_rt",59.3148634995397
"Delaware",2021,"Corn",59.52,"perc_rt",62.5819496343063
"Erie",2015,"Corn",80.48,"perc_rt",32.5862594393052
"Erie",2015,"Soybeans",97.69,"perc_rt",34.6965219669135
"Erie",2016,"Corn",86.7,"perc_rt",22.1125587701722
"Erie",2016,"Soybeans",95.02,"perc_rt",14.1634512142855
"Erie",2017,"Corn",103.45,"perc_rt",37.2994179830048
"Erie",2017,"Soybeans",99.41,"perc_rt",54.408290166225
"Erie",2018,"Corn",113.8,"perc_rt",40.0365328357749
"Erie",2018,"Soybeans",115.59,"perc_rt",34.8397547879889
"Erie",2019,"Corn",114.64,"perc_rt",30.2172090215485
"Erie",2019,"Soybeans",94.74,"perc_rt",35.2491844900456
"Erie",2020,"Corn",114.51,"perc_rt",40.7812236354642
"Erie",2020,"Soybeans",105.2,"perc_rt",43.2881871366608
"Erie",2021,"Corn",97.17,"perc_rt",51.4349489218653
"Erie",2021,"Soybeans",112.08,"perc_rt",62.7841202480024
"Franklin",2020,"Corn",87.83,"perc_rt",7.29604177623336
"Franklin",2020,"Soybeans",79.03,"perc_rt",1.34586368379807
"Franklin",2021,"Corn",84.49,"perc_rt",7.20549993537912
"Fulton",2015,"Corn",53.18,"perc_rt",21.7121422179195
"Fulton",2016,"Corn",83.07,"perc_rt",6.76245815900908
"Fulton",2017,"Corn",98.26,"perc_rt",26.4789604298567
"Fulton",2018,"Corn",122.1,"perc_rt",23.5102712749115
"Fulton",2019,"Corn",97.45,"perc_rt",29.1761816354148
"Fulton",2021,"Corn",54.73,"perc_rt",23.1986797613054
"Genesee",2015,"Soybeans",91.17,"perc_rt",58.7785343710432
"Genesee",2017,"Soybeans",89.38,"perc_rt",58.6936507826343
"Genesee",2018,"Corn",101.34,"perc_rt",45.6963950896852
"Genesee",2018,"Soybeans",104.63,"perc_rt",48.6157391967415
"Genesee",2019,"Corn",101.7,"perc_rt",54.7329185498319
"Genesee",2019,"Soybeans",105.44,"perc_rt",52.9269787894177
"Genesee",2020,"Corn",101.4,"perc_rt",44.89872607216
"Genesee",2020,"Soybeans",105.05,"perc_rt",48.9594853910891
"Genesee",2021,"Soybeans",102.36,"perc_rt",54.4441529349488
"Herkimer",2015,"Corn",60.19,"perc_rt",65.410745771048
"Herkimer",2015,"Soybeans",63.37,"perc_rt",56.0002504749811
"Herkimer",2016,"Soybeans",73.45,"perc_rt",37.3753900765658
"Herkimer",2017,"Corn",83.8,"perc_rt",58.7964691558678
"Herkimer",2017,"Soybeans",57.02,"perc_rt",65.577752172574
"Herkimer",2018,"Soybeans",72.46,"perc_rt",86.4725179857088
"Herkimer",2019,"Soybeans",75.12,"perc_rt",76.5383211009624
"Herkimer",2020,"Corn",80.8,"perc_rt",55.2201521586434
"Herkimer",2020,"Soybeans",73.48,"perc_rt",56.9763419585606
"Herkimer",2021,"Corn",77.79,"perc_rt",75.9809507733688
"Herkimer",2021,"Soybeans",95.44,"perc_rt",77.5774439546923
"Jefferson",2015,"Corn",119.81,"perc_rt",66.6439797380728
"Jefferson",2015,"Soybeans",83.5,"perc_rt",64.454471920649
"Jefferson",2016,"Corn",67.92,"perc_rt",69.6181758930099
"Jefferson",2016,"Soybeans",79.31,"perc_rt",61.5804992274167
"Jefferson",2017,"Corn",83.99,"perc_rt",50.3904367990978
"Jefferson",2017,"Soybeans",73.55,"perc_rt",66.2931529969272
"Jefferson",2018,"Corn",87.06,"perc_rt",48.4638290235974
"Jefferson",2018,"Soybeans",78.54,"perc_rt",51.1350141157822
"Jefferson",2019,"Corn",95.86,"perc_rt",80.2776711487791
"Jefferson",2019,"Soybeans",83.31,"perc_rt",85.2347984813175
"Jefferson",2020,"Corn",92.41,"perc_rt",57.1106440194949
"Jefferson",2020,"Soybeans",75.99,"perc_rt",71.4526276205025
"Jefferson",2021,"Corn",80.1,"perc_rt",64.7639000977049
"Jefferson",2021,"Soybeans",87.97,"perc_rt",69.2118649858
"Lewis",2016,"Corn",62.71,"perc_rt",69.7387242557776
"Lewis",2016,"Soybeans",59.78,"perc_rt",85.3426311138801
"Lewis",2017,"Corn",78.35,"perc_rt",64.7352918487188
"Lewis",2017,"Soybeans",64.76,"perc_rt",60.5959045187834
"Lewis",2018,"Corn",98.54,"perc_rt",59.7880838750928
"Lewis",2019,"Corn",87.57,"perc_rt",69.1673581567266
"Lewis",2019,"Soybeans",92.59,"perc_rt",62.3994891663468
"Lewis",2020,"Corn",78.34,"perc_rt",66.8131120106351
"Lewis",2020,"Soybeans",92.55,"perc_rt",41.8482626488175
"Lewis",2021,"Corn",76.32,"perc_rt",63.1016742752018
"Lewis",2021,"Soybeans",88.8,"perc_rt",74.3918381994644
"Livingston",2015,"Corn",98.47,"perc_rt",46.0210679231092
"Livingston",2015,"Soybeans",93.32,"perc_rt",61.3217269141513
"Livingston",2017,"Corn",93.27,"perc_rt",37.7847223247957
"Livingston",2017,"Soybeans",97.24,"perc_rt",58.4741605851976
"Livingston",2018,"Corn",105.6,"perc_rt",44.3177148463689
"Livingston",2018,"Soybeans",106.77,"perc_rt",41.9314178034056
"Livingston",2019,"Corn",101.15,"perc_rt",54.9622327001352
"Livingston",2019,"Soybeans",115.79,"perc_rt",47.022027227055
"Livingston",2020,"Corn",109.44,"perc_rt",49.6853997479696
"Livingston",2020,"Soybeans",107.67,"perc_rt",36.9166731473825
"Livingston",2021,"Corn",92.9,"perc_rt",47.4436598687882
"Livingston",2021,"Soybeans",99.16,"perc_rt",60.2383476189465
"Madison",2015,"Corn",56.68,"perc_rt",14.1187669497031
"Madison",2015,"Soybeans",53.53,"perc_rt",21.7798066568755
"Madison",2016,"Corn",62.54,"perc_rt",62.8677673137954
"Madison",2016,"Soybeans",65.78,"perc_rt",76.4510906415346
"Madison",2017,"Corn",71.06,"perc_rt",35.7733642727212
"Madison",2017,"Soybeans",52.41,"perc_rt",45.9317475261586
"Madison",2018,"Corn",83.18,"perc_rt",55.0677094268635
"Madison",2018,"Soybeans",76.72,"perc_rt",61.4820489650482
"Madison",2019,"Corn",81.47,"perc_rt",68.8729576417018
"Madison",2019,"Soybeans",77.95,"perc_rt",72.6602653636902
"Madison",2020,"Corn",78.29,"perc_rt",61.9702610875019
"Madison",2020,"Soybeans",71.57,"perc_rt",60.1505375092043
"Madison",2021,"Corn",73.03,"perc_rt",62.1944225784897
"Madison",2021,"Soybeans",78.09,"perc_rt",67.4665406755663
"Montgomery",2015,"Corn",54.86,"perc_rt",32.4262406763912
"Montgomery",2016,"Corn",61.17,"perc_rt",25.3178204467295
"Montgomery",2017,"Corn",76.56,"perc_rt",35.8013595910351
"Montgomery",2018,"Corn",74,"perc_rt",28.8744694832203
"Montgomery",2020,"Corn",74.49,"perc_rt",32.5347343708043
"Montgomery",2020,"Soybeans",71.24,"perc_rt",44.3002349055761
"Montgomery",2021,"Corn",71.56,"perc_rt",37.0426701551516
"Montgomery",2021,"Soybeans",72.81,"perc_rt",57.9337740394408
"Oneida",2015,"Corn",56.79,"perc_rt",12.9986953519873
"Oneida",2015,"Soybeans",69.07,"perc_rt",12.4412576194859
"Oneida",2016,"Corn",94.41,"perc_rt",66.0999814445585
"Oneida",2016,"Soybeans",68.14,"perc_rt",74.18551750806
"Oneida",2017,"Corn",77.38,"perc_rt",53.9693738376621
"Oneida",2017,"Soybeans",64.74,"perc_rt",45.5575974402087
"Oneida",2018,"Corn",73.99,"perc_rt",57.6064517482302
"Oneida",2018,"Soybeans",79.76,"perc_rt",65.0469257474668
"Oneida",2019,"Corn",83.8,"perc_rt",69.810904117046
"Oneida",2019,"Soybeans",80.87,"perc_rt",73.0180074892165
"Oneida",2020,"Corn",83.74,"perc_rt",62.7744486377222
"Oneida",2020,"Soybeans",73.75,"perc_rt",62.8999695395239
"Oneida",2021,"Corn",78.74,"perc_rt",59.6359841399611
"Oneida",2021,"Soybeans",77.54,"perc_rt",67.4770876124102
"Onondaga",2015,"Corn",79.2,"perc_rt",35.1050119750035
"Onondaga",2015,"Soybeans",102.48,"perc_rt",41.5049567071065
"Onondaga",2016,"Corn",99.13,"perc_rt",67.5984856731354
"Onondaga",2016,"Soybeans",115.9,"perc_rt",82.3574593984781
"Onondaga",2017,"Corn",96.8,"perc_rt",34.0988489280376
"Onondaga",2017,"Soybeans",111.37,"perc_rt",36.1184055247526
"Onondaga",2018,"Corn",107.75,"perc_rt",55.586152364745
"Onondaga",2018,"Soybeans",124.73,"perc_rt",48.0596159105943
"Onondaga",2019,"Corn",109.47,"perc_rt",53.9854560274358
"Onondaga",2019,"Soybeans",109.91,"perc_rt",54.4937436993302
"Onondaga",2020,"Corn",117.06,"perc_rt",44.6637282264898
"Onondaga",2020,"Soybeans",103.75,"perc_rt",28.568306057841
"Onondaga",2021,"Corn",97.69,"perc_rt",52.1578640355525
"Onondaga",2021,"Soybeans",122.78,"perc_rt",55.2458684671444
"Ontario",2015,"Corn",102.38,"perc_rt",40.9649152190541
"Ontario",2015,"Soybeans",105.33,"perc_rt",49.6780678846315
"Ontario",2016,"Corn",106.2,"perc_rt",43.536793469457
"Ontario",2016,"Soybeans",119.38,"perc_rt",44.7082053979483
"Ontario",2017,"Corn",117.93,"perc_rt",35.3238843191416
"Ontario",2017,"Soybeans",123.93,"perc_rt",34.5579379224371
"Ontario",2018,"Soybeans",124.53,"perc_rt",31.1758310424766
"Ontario",2019,"Corn",123.12,"perc_rt",69.5711273519675
"Ontario",2019,"Soybeans",119.07,"perc_rt",69.8946265402753
"Ontario",2020,"Corn",120.53,"perc_rt",46.3339164821117
"Ontario",2020,"Soybeans",124.7,"perc_rt",39.1503167626121
"Ontario",2021,"Corn",111.37,"perc_rt",47.5120771160873
"Ontario",2021,"Soybeans",119.32,"perc_rt",55.9109176407093
"Orange",2016,"Corn",79.84,"perc_rt",6.19984707731097
"Orange",2016,"Soybeans",75.25,"perc_rt",10.8348414705986
"Orange",2017,"Corn",85.56,"perc_rt",6.58227195552985
"Orange",2017,"Soybeans",78.51,"perc_rt",10.0370453004635
"Orange",2018,"Soybeans",77.16,"perc_rt",5.28727419871225
"Orange",2020,"Corn",112.04,"perc_rt",5.04361429826503
"Orange",2020,"Soybeans",108.3,"perc_rt",18.6185079840129
"Orange",2021,"Corn",95.17,"perc_rt",4.54934903522215
"Orange",2021,"Soybeans",123.7,"perc_rt",1.35435948607797
"Oswego",2016,"Corn",79.5,"perc_rt",77.9890715576511
"Oswego",2016,"Soybeans",74.88,"perc_rt",76.4831541743745
"Oswego",2017,"Corn",80.14,"perc_rt",20.9834986104811
"Oswego",2018,"Soybeans",110.7,"perc_rt",35.303118427786
"Oswego",2019,"Soybeans",103.23,"perc_rt",55.4078268512866
"Oswego",2020,"Corn",107.91,"perc_rt",44.1912487783997
"Oswego",2020,"Soybeans",98.56,"perc_rt",32.5256040459344
"Oswego",2021,"Corn",89.63,"perc_rt",42.8879137630992
"Oswego",2021,"Soybeans",111.04,"perc_rt",51.0465542881149
"Otsego",2015,"Soybeans",64.34,"perc_rt",43.2249969117321
"Otsego",2016,"Corn",102.97,"perc_rt",37.9075594894907
"Otsego",2016,"Soybeans",51.58,"perc_rt",37.3140305094012
"Otsego",2017,"Corn",61.68,"perc_rt",56.9675576182695
"Otsego",2019,"Corn",67.15,"perc_rt",70.8788172587632
"Otsego",2019,"Soybeans",53.88,"perc_rt",71.4073082494
"Otsego",2020,"Corn",58.58,"perc_rt",51.9710446406398
"Otsego",2020,"Soybeans",60.76,"perc_rt",48.154765543215
"Otsego",2021,"Corn",53.8,"perc_rt",69.7883694475084
"Otsego",2021,"Soybeans",57.66,"perc_rt",68.7971245593202
"Schoharie",2015,"Corn",52.98,"perc_rt",8.97755120382187
"Schoharie",2016,"Corn",54.49,"perc_rt",6.24568411833156
"Schoharie",2017,"Corn",97.92,"perc_rt",8.18854194718715
"Schoharie",2020,"Corn",70.41,"perc_rt",7.11164324140359
"Schoharie",2021,"Corn",68.71,"perc_rt",14.1167034576438
"Schuyler",2019,"Soybeans",72.16,"perc_rt",43.4143939190903
"Schuyler",2020,"Soybeans",97.09,"perc_rt",38.9256860491871
"Seneca",2021,"Corn",124.67,"perc_rt",39.0966187860217
"Steuben",2015,"Corn",84.95,"perc_rt",47.4477409743716
"Steuben",2015,"Soybeans",64.97,"perc_rt",64.5426110157081
"Steuben",2016,"Corn",83.61,"perc_rt",20.0757390037312
"Steuben",2016,"Soybeans",69.68,"perc_rt",34.1757372053812
"Steuben",2017,"Corn",100.09,"perc_rt",55.0843410172766
"Steuben",2017,"Soybeans",68.63,"perc_rt",50.7800524555695
"Steuben",2018,"Corn",124.27,"perc_rt",49.6482256940163
"Steuben",2018,"Soybeans",79.88,"perc_rt",47.0040770491862
"Steuben",2019,"Soybeans",75.19,"perc_rt",64.4535923564355
"Steuben",2020,"Corn",108.03,"perc_rt",55.0404633496965
"Steuben",2020,"Soybeans",76.3,"perc_rt",52.6037071375564
"Steuben",2021,"Corn",91.53,"perc_rt",55.5425037218723
"Steuben",2021,"Soybeans",88.56,"perc_rt",47.2765927167327
"Sullivan",2016,"Corn",54.71,"perc_rt",74.773978254993
"Sullivan",2018,"Corn",72.87,"perc_rt",66.3756572084624
"Sullivan",2020,"Corn",62.34,"perc_rt",61.7338181247259
"Sullivan",2021,"Corn",50.05,"perc_rt",66.2883835672489
"Tioga",2015,"Corn",79.02,"perc_rt",33.4733743877026
"Tioga",2016,"Corn",108.64,"perc_rt",46.814111567479
"Tioga",2016,"Soybeans",67.14,"perc_rt",47.91037417302
"Tioga",2017,"Corn",52.81,"perc_rt",46.6190533103753
"Tioga",2018,"Corn",65.95,"perc_rt",50.3333936895962
"Tioga",2018,"Soybeans",62.41,"perc_rt",50.3848374967421
"Tioga",2019,"Soybeans",55.38,"perc_rt",31.061862026479
"Tioga",2020,"Soybeans",65.25,"perc_rt",49.5191557243298
"Tioga",2021,"Corn",54.37,"perc_rt",57.7923326970564
"Tompkins",2015,"Corn",111.67,"perc_rt",50.5720178855628
"Tompkins",2015,"Soybeans",83.83,"perc_rt",52.1580199650325
"Tompkins",2016,"Corn",121.74,"perc_rt",45.6869570134209
"Tompkins",2016,"Soybeans",79.19,"perc_rt",70.2791166066422
"Tompkins",2017,"Corn",84.45,"perc_rt",37.6478724235299
"Tompkins",2017,"Soybeans",85.35,"perc_rt",42.6000792477202
"Tompkins",2018,"Corn",94.91,"perc_rt",53.5004647652281
"Tompkins",2018,"Soybeans",86.55,"perc_rt",44.6658777860011
"Tompkins",2019,"Soybeans",97.32,"perc_rt",70.2752299107871
"Tompkins",2020,"Corn",88.03,"perc_rt",46.8442954728341
"Tompkins",2020,"Soybeans",84.27,"perc_rt",32.2701291977476
"Tompkins",2021,"Corn",77.92,"perc_rt",56.2134999643706
"Tompkins",2021,"Soybeans",100.49,"perc_rt",62.1029127644159
"Wyoming",2015,"Corn",53.19,"perc_rt",52.6736329301168
"Wyoming",2015,"Soybeans",77.59,"perc_rt",68.339433271656
"Wyoming",2017,"Corn",80.73,"perc_rt",33.3632128290932
"Wyoming",2017,"Soybeans",76.42,"perc_rt",46.9937599174223
"Wyoming",2018,"Corn",93.09,"perc_rt",45.2818703120041
"Wyoming",2018,"Soybeans",101.98,"perc_rt",34.4244894175047
"Wyoming",2019,"Corn",109.9,"perc_rt",52.9018835520923
"Wyoming",2019,"Soybeans",98.8,"perc_rt",36.997906327413
"Wyoming",2020,"Corn",90.68,"perc_rt",66.3736306405937
"Wyoming",2020,"Soybeans",100.12,"perc_rt",55.1819996763495
"Wyoming",2021,"Corn",72.58,"perc_rt",64.5987119463585
"Wyoming",2021,"Soybeans",101.49,"perc_rt",79.6056574513548
