state,county,year,crop_name,perc_eval,variable,value
new york,albany,2020,Corn,124.58,perc_cc,40.02213436
new york,allegany,2015,Soybeans,75.75,perc_ct,13.39604826
new york,allegany,2016,Corn,83.45,perc_ct,2.727004834
new york,allegany,2017,Corn,94.16,perc_ct,12.63192494
new york,allegany,2017,Soybeans,81.03,perc_ct,37.61888679
new york,allegany,2018,Corn,105.76,perc_ct,6.390037469
new york,allegany,2020,Corn,88.15,perc_ct,8.597474072
new york,allegany,2021,Soybeans,89.12,perc_ct,13.42429986
new york,allegany,2016,Corn,83.45,perc_cc,3.128132854
new york,allegany,2017,Corn,94.16,perc_cc,5.72923721
new york,allegany,2017,Soybeans,81.03,perc_cc,5.322900209
new york,allegany,2018,Corn,105.76,perc_cc,4.489218811
new york,allegany,2018,Soybeans,93.06,perc_cc,1.253210642
new york,allegany,2020,Corn,88.15,perc_cc,2.730321484
new york,allegany,2021,Soybeans,89.12,perc_cc,4.274290625
new york,allegany,2015,Soybeans,75.75,perc_nt,24.55875931
new york,allegany,2016,Corn,83.45,perc_nt,3.881981967
new york,allegany,2017,Corn,94.16,perc_nt,22.1807125
new york,allegany,2017,Soybeans,81.03,perc_nt,11.24282052
new york,allegany,2018,Corn,105.76,perc_nt,32.76271701
new york,allegany,2018,Soybeans,93.06,perc_nt,61.16247429
new york,allegany,2019,Soybeans,104.22,perc_nt,19.06197228
new york,allegany,2020,Corn,88.15,perc_nt,20.58757501
new york,allegany,2020,Soybeans,67.85,perc_nt,14.26747354
new york,allegany,2021,Soybeans,89.12,perc_nt,13.39996953
new york,allegany,2015,Soybeans,75.75,perc_rt,62.04519243
new york,allegany,2016,Corn,83.45,perc_rt,9.153885308
new york,allegany,2017,Corn,94.16,perc_rt,54.08115212
new york,allegany,2017,Soybeans,81.03,perc_rt,43.36339514
new york,allegany,2018,Corn,105.76,perc_rt,54.80294864
new york,allegany,2018,Soybeans,93.06,perc_rt,30.36919444
new york,allegany,2019,Soybeans,104.22,perc_rt,64.58256576
new york,allegany,2020,Corn,88.15,perc_rt,66.59923666
new york,allegany,2020,Soybeans,67.85,perc_rt,83.43133803
new york,allegany,2021,Soybeans,89.12,perc_rt,68.8367412
new york,broome,2016,Corn,99.39,perc_ct,15.49909393
new york,broome,2017,Corn,55.56,perc_ct,11.20801836
new york,broome,2018,Corn,74.85,perc_ct,20.40786397
new york,broome,2020,Corn,65.42,perc_ct,20.09026405
new york,broome,2020,Soybeans,54.7,perc_ct,48.73413795
new york,broome,2021,Corn,60.11,perc_ct,15.99141885
new york,broome,2016,Corn,99.39,perc_cc,3.369833777
new york,broome,2017,Corn,55.56,perc_cc,3.953275621
new york,broome,2018,Corn,74.85,perc_cc,10.35315326
new york,broome,2020,Corn,65.42,perc_cc,15.84147427
new york,broome,2020,Soybeans,54.7,perc_cc,7.842713659
new york,broome,2021,Corn,60.11,perc_cc,9.931474562
new york,broome,2016,Corn,99.39,perc_nt,35.55162799
new york,broome,2017,Corn,55.56,perc_nt,24.56621041
new york,broome,2018,Corn,74.85,perc_nt,27.61973706
new york,broome,2020,Corn,65.42,perc_nt,19.94627019
new york,broome,2020,Soybeans,54.7,perc_nt,6.885430398
new york,broome,2021,Corn,60.11,perc_nt,23.32299452
new york,broome,2016,Corn,99.39,perc_rt,35.63269396
new york,broome,2017,Corn,55.56,perc_rt,53.77533771
new york,broome,2018,Corn,74.85,perc_rt,49.97369738
new york,broome,2020,Corn,65.42,perc_rt,57.22409339
new york,broome,2020,Soybeans,54.7,perc_rt,37.04418009
new york,broome,2021,Corn,60.11,perc_rt,57.62250827
new york,cattaraugus,2015,Corn,69.21,perc_ct,8.654299594
new york,cattaraugus,2015,Soybeans,84.81,perc_ct,8.017504575
new york,cattaraugus,2016,Corn,79.21,perc_ct,5.783047241
new york,cattaraugus,2016,Soybeans,67.24,perc_ct,8.477092313
new york,cattaraugus,2017,Corn,82.01,perc_ct,10.10999002
new york,cattaraugus,2017,Soybeans,83.05,perc_ct,11.00694127
new york,cattaraugus,2018,Corn,90.05,perc_ct,9.509625732
new york,cattaraugus,2019,Soybeans,90.42,perc_ct,4.324758648
new york,cattaraugus,2020,Corn,86.8,perc_ct,28.52064085
new york,cattaraugus,2020,Soybeans,94.92,perc_ct,9.789761641
new york,cattaraugus,2021,Corn,81.35,perc_ct,30.11209935
new york,cattaraugus,2021,Soybeans,90.42,perc_ct,18.47561965
new york,cattaraugus,2015,Corn,69.21,perc_cc,3.642230489
new york,cattaraugus,2015,Soybeans,84.81,perc_cc,2.474439188
new york,cattaraugus,2016,Corn,79.21,perc_cc,1.977166904
new york,cattaraugus,2016,Soybeans,67.24,perc_cc,2.327656064
new york,cattaraugus,2017,Corn,82.01,perc_cc,2.930262835
new york,cattaraugus,2017,Soybeans,83.05,perc_cc,0.887238255
new york,cattaraugus,2018,Corn,90.05,perc_cc,8.186860571
new york,cattaraugus,2019,Soybeans,90.42,perc_cc,2.510919873
new york,cattaraugus,2020,Corn,86.8,perc_cc,13.27382278
new york,cattaraugus,2020,Soybeans,94.92,perc_cc,5.136305033
new york,cattaraugus,2021,Corn,81.35,perc_cc,10.22189281
new york,cattaraugus,2021,Soybeans,90.42,perc_cc,1.268229821
new york,cattaraugus,2015,Corn,69.21,perc_nt,46.9392732
new york,cattaraugus,2015,Soybeans,84.81,perc_nt,46.47005463
new york,cattaraugus,2016,Corn,79.21,perc_nt,13.43870906
new york,cattaraugus,2016,Soybeans,67.24,perc_nt,3.537329855
new york,cattaraugus,2017,Corn,82.01,perc_nt,17.45653001
new york,cattaraugus,2017,Soybeans,83.05,perc_nt,20.50208866
new york,cattaraugus,2018,Corn,90.05,perc_nt,33.23341359
new york,cattaraugus,2019,Soybeans,90.42,perc_nt,19.17818551
new york,cattaraugus,2020,Corn,86.8,perc_nt,13.01908001
new york,cattaraugus,2020,Soybeans,94.92,perc_nt,19.25453175
new york,cattaraugus,2021,Corn,81.35,perc_nt,16.29343656
new york,cattaraugus,2021,Soybeans,90.42,perc_nt,15.50895212
new york,cattaraugus,2015,Corn,69.21,perc_rt,32.14523488
new york,cattaraugus,2015,Soybeans,84.81,perc_rt,35.64667473
new york,cattaraugus,2016,Corn,79.21,perc_rt,29.70333336
new york,cattaraugus,2016,Soybeans,67.24,perc_rt,41.70525467
new york,cattaraugus,2017,Corn,82.01,perc_rt,55.74410981
new york,cattaraugus,2017,Soybeans,83.05,perc_rt,56.38214549
new york,cattaraugus,2018,Corn,90.05,perc_rt,53.73611258
new york,cattaraugus,2019,Soybeans,90.42,perc_rt,58.13425963
new york,cattaraugus,2020,Corn,86.8,perc_rt,55.77226927
new york,cattaraugus,2020,Soybeans,94.92,perc_rt,64.13934374
new york,cattaraugus,2021,Corn,81.35,perc_rt,50.71147719
new york,cattaraugus,2021,Soybeans,90.42,perc_rt,63.33787794
new york,cayuga,2015,Corn,98.51,perc_ct,6.594146113
new york,cayuga,2015,Soybeans,105.42,perc_ct,2.570259622
new york,cayuga,2016,Corn,99.39,perc_ct,7.565435502
new york,cayuga,2016,Soybeans,112.71,perc_ct,3.358163183
new york,cayuga,2017,Corn,112.65,perc_ct,1.969474246
new york,cayuga,2018,Soybeans,123.84,perc_ct,3.426766869
new york,cayuga,2019,Soybeans,108.05,perc_ct,2.36540472
new york,cayuga,2020,Corn,110.73,perc_ct,19.40212517
new york,cayuga,2020,Soybeans,117.66,perc_ct,8.541873263
new york,cayuga,2021,Corn,99.93,perc_ct,12.16583446
new york,cayuga,2021,Soybeans,119.26,perc_ct,8.148205381
new york,cayuga,2015,Corn,98.51,perc_cc,16.74213197
new york,cayuga,2015,Soybeans,105.42,perc_cc,14.42127193
new york,cayuga,2016,Corn,99.39,perc_cc,3.465873705
new york,cayuga,2016,Soybeans,112.71,perc_cc,1.433751263
new york,cayuga,2017,Corn,112.65,perc_cc,26.69400895
new york,cayuga,2018,Soybeans,123.84,perc_cc,7.797972197
new york,cayuga,2019,Soybeans,108.05,perc_cc,11.027888
new york,cayuga,2020,Corn,110.73,perc_cc,8.043657851
new york,cayuga,2020,Soybeans,117.66,perc_cc,8.513426179
new york,cayuga,2021,Corn,99.93,perc_cc,7.375608669
new york,cayuga,2021,Soybeans,119.26,perc_cc,3.152655078
new york,cayuga,2015,Corn,98.51,perc_nt,50.88884878
new york,cayuga,2015,Soybeans,105.42,perc_nt,51.89702346
new york,cayuga,2016,Corn,99.39,perc_nt,14.22827403
new york,cayuga,2016,Soybeans,112.71,perc_nt,9.480300313
new york,cayuga,2017,Corn,112.65,perc_nt,62.76717175
new york,cayuga,2018,Soybeans,123.84,perc_nt,60.89794447
new york,cayuga,2019,Soybeans,108.05,perc_nt,32.85134493
new york,cayuga,2020,Corn,110.73,perc_nt,35.04801115
new york,cayuga,2020,Soybeans,117.66,perc_nt,60.55808365
new york,cayuga,2021,Corn,99.93,perc_nt,36.12081879
new york,cayuga,2021,Soybeans,119.26,perc_nt,27.42002679
new york,cayuga,2015,Corn,98.51,perc_rt,40.55425279
new york,cayuga,2015,Soybeans,105.42,perc_rt,43.321524
new york,cayuga,2016,Corn,99.39,perc_rt,65.20821973
new york,cayuga,2016,Soybeans,112.71,perc_rt,81.35037825
new york,cayuga,2017,Corn,112.65,perc_rt,24.94544525
new york,cayuga,2018,Soybeans,123.84,perc_rt,33.85069173
new york,cayuga,2019,Soybeans,108.05,perc_rt,59.11198277
new york,cayuga,2020,Corn,110.73,perc_rt,44.77033227
new york,cayuga,2020,Soybeans,117.66,perc_rt,28.23665061
new york,cayuga,2021,Corn,99.93,perc_rt,50.2989764
new york,cayuga,2021,Soybeans,119.26,perc_rt,63.54582944
new york,chautauqua,2015,Corn,109.56,perc_ct,5.082906438
new york,chautauqua,2015,Soybeans,91.67,perc_ct,9.821752179
new york,chautauqua,2016,Corn,72.87,perc_ct,23.82611651
new york,chautauqua,2017,Corn,80.92,perc_ct,14.62507879
new york,chautauqua,2017,Soybeans,100.48,perc_ct,11.6656877
new york,chautauqua,2018,Corn,92.72,perc_ct,10.10513932
new york,chautauqua,2019,Soybeans,68.11,perc_ct,8.124425128
new york,chautauqua,2020,Corn,88.6,perc_ct,23.41444382
new york,chautauqua,2020,Soybeans,102.79,perc_ct,17.17425898
new york,chautauqua,2021,Corn,84.45,perc_ct,29.07363884
new york,chautauqua,2021,Soybeans,111.2,perc_ct,15.89307222
new york,chautauqua,2015,Corn,109.56,perc_cc,4.396106834
new york,chautauqua,2015,Soybeans,91.67,perc_cc,3.896428597
new york,chautauqua,2016,Corn,72.87,perc_cc,3.486099593
new york,chautauqua,2017,Corn,80.92,perc_cc,5.330644048
new york,chautauqua,2017,Soybeans,100.48,perc_cc,5.012523744
new york,chautauqua,2018,Corn,92.72,perc_cc,7.619163329
new york,chautauqua,2020,Corn,88.6,perc_cc,13.02929784
new york,chautauqua,2020,Soybeans,102.79,perc_cc,6.093433706
new york,chautauqua,2021,Corn,84.45,perc_cc,10.11817935
new york,chautauqua,2021,Soybeans,111.2,perc_cc,2.931175781
new york,chautauqua,2015,Corn,109.56,perc_nt,41.93674102
new york,chautauqua,2015,Soybeans,91.67,perc_nt,41.26048117
new york,chautauqua,2016,Corn,72.87,perc_nt,23.11853819
new york,chautauqua,2017,Corn,80.92,perc_nt,19.0946108
new york,chautauqua,2017,Soybeans,100.48,perc_nt,16.87471087
new york,chautauqua,2018,Corn,92.72,perc_nt,31.0988749
new york,chautauqua,2019,Soybeans,68.11,perc_nt,29.89554706
new york,chautauqua,2020,Corn,88.6,perc_nt,16.41754519
new york,chautauqua,2020,Soybeans,102.79,perc_nt,22.51592336
new york,chautauqua,2021,Corn,84.45,perc_nt,15.44048011
new york,chautauqua,2021,Soybeans,111.2,perc_nt,21.18970791
new york,chautauqua,2015,Corn,109.56,perc_rt,43.94705749
new york,chautauqua,2015,Soybeans,91.67,perc_rt,43.75217293
new york,chautauqua,2016,Corn,72.87,perc_rt,48.27653244
new york,chautauqua,2017,Corn,80.92,perc_rt,53.3127466
new york,chautauqua,2017,Soybeans,100.48,perc_rt,62.97465263
new york,chautauqua,2018,Corn,92.72,perc_rt,55.05386046
new york,chautauqua,2019,Soybeans,68.11,perc_rt,56.88929149
new york,chautauqua,2020,Corn,88.6,perc_rt,57.13189096
new york,chautauqua,2020,Soybeans,102.79,perc_rt,54.13585286
new york,chautauqua,2021,Corn,84.45,perc_rt,48.7288822
new york,chautauqua,2021,Soybeans,111.2,perc_rt,55.53652058
new york,chemung,2015,Soybeans,66.28,perc_ct,11.62467091
new york,chemung,2016,Soybeans,85.44,perc_ct,1.042299119
new york,chemung,2017,Corn,61.39,perc_ct,17.77206302
new york,chemung,2017,Soybeans,72.35,perc_ct,12.28523685
new york,chemung,2018,Corn,62.16,perc_ct,12.3273102
new york,chemung,2020,Corn,66.21,perc_ct,34.36054613
new york,chemung,2020,Soybeans,78.62,perc_ct,15.97607992
new york,chemung,2021,Corn,67.49,perc_ct,31.37448411
new york,chemung,2021,Soybeans,58.05,perc_ct,31.49105764
new york,chemung,2015,Soybeans,66.28,perc_cc,4.754384305
new york,chemung,2016,Soybeans,85.44,perc_cc,1.365519345
new york,chemung,2017,Corn,61.39,perc_cc,14.68878874
new york,chemung,2017,Soybeans,72.35,perc_cc,2.963654163
new york,chemung,2018,Corn,62.16,perc_cc,7.709634841
new york,chemung,2020,Corn,66.21,perc_cc,5.979348467
new york,chemung,2021,Corn,67.49,perc_cc,12.52040773
new york,chemung,2021,Soybeans,58.05,perc_cc,12.67717368
new york,chemung,2015,Soybeans,66.28,perc_nt,40.91546629
new york,chemung,2016,Soybeans,85.44,perc_nt,5.382936905
new york,chemung,2017,Corn,61.39,perc_nt,18.54102846
new york,chemung,2017,Soybeans,72.35,perc_nt,26.63201768
new york,chemung,2018,Corn,62.16,perc_nt,22.72383601
new york,chemung,2020,Corn,66.21,perc_nt,16.11890025
new york,chemung,2020,Soybeans,78.62,perc_nt,53.22082462
new york,chemung,2021,Corn,67.49,perc_nt,21.85743427
new york,chemung,2021,Soybeans,58.05,perc_nt,15.07772823
new york,chemung,2015,Soybeans,66.28,perc_rt,45.12440425
new york,chemung,2016,Soybeans,85.44,perc_rt,93.57476398
new york,chemung,2017,Corn,61.39,perc_rt,62.07222663
new york,chemung,2017,Soybeans,72.35,perc_rt,61.08274547
new york,chemung,2018,Corn,62.16,perc_rt,64.94885379
new york,chemung,2020,Corn,66.21,perc_rt,49.13037287
new york,chemung,2020,Soybeans,78.62,perc_rt,30.80309546
new york,chemung,2021,Corn,67.49,perc_rt,45.01264909
new york,chemung,2021,Soybeans,58.05,perc_rt,53.43121414
new york,chenango,2016,Corn,50.68,perc_ct,2.006591799
new york,chenango,2017,Corn,59.55,perc_ct,2.990546401
new york,chenango,2018,Corn,65.48,perc_ct,8.258956881
new york,chenango,2020,Corn,69.29,perc_ct,16.84013355
new york,chenango,2021,Corn,63.6,perc_ct,9.497161778
new york,chenango,2016,Corn,50.68,perc_cc,6.101889624
new york,chenango,2017,Corn,59.55,perc_cc,8.941053419
new york,chenango,2018,Corn,65.48,perc_cc,8.634504961
new york,chenango,2020,Corn,69.29,perc_cc,16.32647342
new york,chenango,2021,Corn,63.6,perc_cc,7.135533026
new york,chenango,2016,Corn,50.68,perc_nt,35.21096275
new york,chenango,2017,Corn,59.55,perc_nt,13.01923196
new york,chenango,2018,Corn,65.48,perc_nt,25.92350524
new york,chenango,2020,Corn,69.29,perc_nt,22.02806786
new york,chenango,2021,Corn,63.6,perc_nt,17.09184571
new york,chenango,2016,Corn,50.68,perc_rt,43.00962877
new york,chenango,2017,Corn,59.55,perc_rt,37.18797977
new york,chenango,2018,Corn,65.48,perc_rt,62.70405671
new york,chenango,2020,Corn,69.29,perc_rt,57.97849506
new york,chenango,2021,Corn,63.6,perc_rt,63.94666105
new york,clinton,2015,Corn,90.33,perc_cc,3.068664653
new york,clinton,2016,Corn,104.76,perc_cc,0.283630024
new york,clinton,2017,Corn,65.72,perc_cc,0.490901863
new york,columbia,2015,Soybeans,75.15,perc_cc,8.256711898
new york,columbia,2016,Corn,70.24,perc_cc,9.40915748
new york,columbia,2017,Corn,75.15,perc_cc,2.914341538
new york,columbia,2017,Soybeans,87.22,perc_cc,0.531229145
new york,columbia,2018,Soybeans,92.62,perc_cc,20.04558338
new york,columbia,2019,Soybeans,72.77,perc_cc,8.19850984
new york,columbia,2020,Corn,82.14,perc_cc,27.85066299
new york,columbia,2020,Soybeans,77.62,perc_cc,4.817081613
new york,columbia,2021,Corn,87.26,perc_cc,23.06781567
new york,columbia,2021,Soybeans,76.1,perc_cc,6.785350523
new york,cortland,2015,Corn,50.17,perc_ct,1.030279696
new york,cortland,2016,Corn,82.7,perc_ct,13.63779108
new york,cortland,2016,Soybeans,83.57,perc_ct,13.2985109
new york,cortland,2017,Corn,61.52,perc_ct,6.852229816
new york,cortland,2017,Soybeans,56.12,perc_ct,11.46299456
new york,cortland,2018,Corn,69.94,perc_ct,13.2933437
new york,cortland,2019,Corn,73.52,perc_ct,4.978130631
new york,cortland,2020,Corn,70.44,perc_ct,24.54117851
new york,cortland,2020,Soybeans,108.12,perc_ct,10.99024373
new york,cortland,2021,Corn,63.71,perc_ct,16.57221364
new york,cortland,2021,Soybeans,75.48,perc_ct,7.388700371
new york,cortland,2015,Corn,50.17,perc_cc,7.316870508
new york,cortland,2016,Corn,82.7,perc_cc,4.438199906
new york,cortland,2016,Soybeans,83.57,perc_cc,2.780179796
new york,cortland,2017,Corn,61.52,perc_cc,15.6111281
new york,cortland,2017,Soybeans,56.12,perc_cc,14.66289973
new york,cortland,2018,Corn,69.94,perc_cc,3.242854424
new york,cortland,2019,Corn,73.52,perc_cc,9.174356798
new york,cortland,2020,Corn,70.44,perc_cc,7.960808227
new york,cortland,2021,Corn,63.71,perc_cc,4.785726497
new york,cortland,2021,Soybeans,75.48,perc_cc,2.552735002
new york,cortland,2015,Corn,50.17,perc_nt,28.21432492
new york,cortland,2016,Corn,82.7,perc_nt,30.02600878
new york,cortland,2016,Soybeans,83.57,perc_nt,22.02944901
new york,cortland,2017,Corn,61.52,perc_nt,33.00981767
new york,cortland,2017,Soybeans,56.12,perc_nt,42.68003483
new york,cortland,2018,Corn,69.94,perc_nt,21.77165687
new york,cortland,2019,Corn,73.52,perc_nt,14.63429748
new york,cortland,2020,Corn,70.44,perc_nt,15.7019313
new york,cortland,2020,Soybeans,108.12,perc_nt,36.88510982
new york,cortland,2021,Corn,63.71,perc_nt,15.70643381
new york,cortland,2021,Soybeans,75.48,perc_nt,24.66404922
new york,cortland,2015,Corn,50.17,perc_rt,33.08578166
new york,cortland,2016,Corn,82.7,perc_rt,40.54405838
new york,cortland,2016,Soybeans,83.57,perc_rt,64.67204009
new york,cortland,2017,Corn,61.52,perc_rt,42.78199194
new york,cortland,2017,Soybeans,56.12,perc_rt,37.91368191
new york,cortland,2018,Corn,69.94,perc_rt,59.73298527
new york,cortland,2019,Corn,73.52,perc_rt,75.45713332
new york,cortland,2020,Corn,70.44,perc_rt,54.85157004
new york,cortland,2020,Soybeans,108.12,perc_rt,52.12464646
new york,cortland,2021,Corn,63.71,perc_rt,62.89074828
new york,cortland,2021,Soybeans,75.48,perc_rt,66.08227534
new york,delaware,2018,Corn,83.22,perc_ct,14.59335959
new york,delaware,2020,Corn,65.02,perc_ct,23.68170817
new york,delaware,2021,Corn,59.52,perc_ct,4.372760665
new york,delaware,2018,Corn,83.22,perc_cc,21.70973623
new york,delaware,2020,Corn,65.02,perc_cc,36.8500214
new york,delaware,2021,Corn,59.52,perc_cc,22.08212807
new york,delaware,2018,Corn,83.22,perc_nt,21.39295678
new york,delaware,2020,Corn,65.02,perc_nt,15.10536607
new york,delaware,2021,Corn,59.52,perc_nt,13.00934849
new york,delaware,2018,Corn,83.22,perc_rt,61.96844689
new york,delaware,2020,Corn,65.02,perc_rt,59.3148635
new york,delaware,2021,Corn,59.52,perc_rt,62.58194963
new york,dutchess,2016,Corn,54.97,perc_cc,10.35841577
new york,dutchess,2017,Corn,68.69,perc_cc,0.321458255
new york,dutchess,2018,Soybeans,78.16,perc_cc,10.76702183
new york,dutchess,2019,Corn,96.83,perc_cc,17.41437636
new york,dutchess,2020,Corn,115.35,perc_cc,10.42365859
new york,dutchess,2021,Corn,92.86,perc_cc,13.0252378
new york,erie,2015,Corn,80.48,perc_ct,6.01337621
new york,erie,2015,Soybeans,97.69,perc_ct,6.047953687
new york,erie,2016,Corn,86.7,perc_ct,2.435832812
new york,erie,2016,Soybeans,95.02,perc_ct,3.029669982
new york,erie,2017,Corn,103.45,perc_ct,4.193688951
new york,erie,2017,Soybeans,99.41,perc_ct,5.086219749
new york,erie,2018,Corn,113.8,perc_ct,7.912315571
new york,erie,2018,Soybeans,115.59,perc_ct,4.747414798
new york,erie,2019,Corn,114.64,perc_ct,7.942659407
new york,erie,2019,Soybeans,94.74,perc_ct,13.13901904
new york,erie,2020,Corn,114.51,perc_ct,5.687392575
new york,erie,2020,Soybeans,105.2,perc_ct,4.632016439
new york,erie,2021,Corn,97.17,perc_ct,14.71627188
new york,erie,2021,Soybeans,112.08,perc_ct,12.54223701
new york,erie,2015,Corn,80.48,perc_cc,2.734217978
new york,erie,2015,Soybeans,97.69,perc_cc,0.598003811
new york,erie,2016,Corn,86.7,perc_cc,5.370156809
new york,erie,2016,Soybeans,95.02,perc_cc,1.965935955
new york,erie,2017,Corn,103.45,perc_cc,1.568511068
new york,erie,2017,Soybeans,99.41,perc_cc,0.824706841
new york,erie,2018,Corn,113.8,perc_cc,9.169627823
new york,erie,2018,Soybeans,115.59,perc_cc,5.754945581
new york,erie,2019,Corn,114.64,perc_cc,9.812404773
new york,erie,2019,Soybeans,94.74,perc_cc,2.106768574
new york,erie,2020,Corn,114.51,perc_cc,18.00696809
new york,erie,2020,Soybeans,105.2,perc_cc,9.170773251
new york,erie,2021,Corn,97.17,perc_cc,9.949561093
new york,erie,2021,Soybeans,112.08,perc_cc,3.639909402
new york,erie,2015,Corn,80.48,perc_nt,46.78949006
new york,erie,2015,Soybeans,97.69,perc_nt,53.63254104
new york,erie,2016,Corn,86.7,perc_nt,18.24211632
new york,erie,2016,Soybeans,95.02,perc_nt,7.585707145
new york,erie,2017,Corn,103.45,perc_nt,40.14892329
new york,erie,2017,Soybeans,99.41,perc_nt,29.1232311
new york,erie,2018,Corn,113.8,perc_nt,44.92360387
new york,erie,2018,Soybeans,115.59,perc_nt,54.51430131
new york,erie,2019,Corn,114.64,perc_nt,31.05223378
new york,erie,2019,Soybeans,94.74,perc_nt,20.49437644
new york,erie,2020,Corn,114.51,perc_nt,46.23303415
new york,erie,2020,Soybeans,105.2,perc_nt,46.42350016
new york,erie,2021,Corn,97.17,perc_nt,28.59311601
new york,erie,2021,Soybeans,112.08,perc_nt,22.40182635
new york,erie,2015,Corn,80.48,perc_rt,32.58625944
new york,erie,2015,Soybeans,97.69,perc_rt,34.69652197
new york,erie,2016,Corn,86.7,perc_rt,22.11255877
new york,erie,2016,Soybeans,95.02,perc_rt,14.16345121
new york,erie,2017,Corn,103.45,perc_rt,37.29941798
new york,erie,2017,Soybeans,99.41,perc_rt,54.40829017
new york,erie,2018,Corn,113.8,perc_rt,40.03653284
new york,erie,2018,Soybeans,115.59,perc_rt,34.83975479
new york,erie,2019,Corn,114.64,perc_rt,30.21720902
new york,erie,2019,Soybeans,94.74,perc_rt,35.24918449
new york,erie,2020,Corn,114.51,perc_rt,40.78122364
new york,erie,2020,Soybeans,105.2,perc_rt,43.28818714
new york,erie,2021,Corn,97.17,perc_rt,51.43494892
new york,erie,2021,Soybeans,112.08,perc_rt,62.78412025
new york,franklin,2020,Corn,87.83,perc_ct,1.950271764
new york,franklin,2020,Soybeans,79.03,perc_ct,2.79090926
new york,franklin,2021,Corn,84.49,perc_ct,0.324117259
new york,franklin,2020,Corn,87.83,perc_cc,3.348305436
new york,franklin,2020,Soybeans,79.03,perc_cc,1.345863684
new york,franklin,2021,Corn,84.49,perc_cc,6.761165551
new york,franklin,2020,Corn,87.83,perc_nt,0.962817397
new york,franklin,2021,Corn,84.49,perc_nt,1.080460134
new york,franklin,2020,Corn,87.83,perc_rt,7.296041776
new york,franklin,2020,Soybeans,79.03,perc_rt,1.345863684
new york,franklin,2021,Corn,84.49,perc_rt,7.205499935
new york,fulton,2015,Corn,53.18,perc_ct,4.11541027
new york,fulton,2019,Corn,97.45,perc_ct,1.294304567
new york,fulton,2017,Corn,98.26,perc_cc,2.78828997
new york,fulton,2018,Corn,122.1,perc_cc,2.3337134
new york,fulton,2019,Corn,97.45,perc_cc,1.845871669
new york,fulton,2015,Corn,53.18,perc_nt,4.992650948
new york,fulton,2016,Corn,83.07,perc_nt,21.42514122
new york,fulton,2017,Corn,98.26,perc_nt,3.748872799
new york,fulton,2018,Corn,122.1,perc_nt,0.741668911
new york,fulton,2019,Corn,97.45,perc_nt,5.36928073
new york,fulton,2015,Corn,53.18,perc_rt,21.71214222
new york,fulton,2016,Corn,83.07,perc_rt,6.762458159
new york,fulton,2017,Corn,98.26,perc_rt,26.47896043
new york,fulton,2018,Corn,122.1,perc_rt,23.51027127
new york,fulton,2019,Corn,97.45,perc_rt,29.17618164
new york,fulton,2021,Corn,54.73,perc_rt,23.19867976
new york,genesee,2015,Soybeans,91.17,perc_ct,6.736336387
new york,genesee,2017,Soybeans,89.38,perc_ct,12.28086492
new york,genesee,2018,Corn,101.34,perc_ct,20.02869419
new york,genesee,2018,Soybeans,104.63,perc_ct,6.776596282
new york,genesee,2019,Corn,101.7,perc_ct,5.00380112
new york,genesee,2019,Soybeans,105.44,perc_ct,3.695297127
new york,genesee,2020,Corn,101.4,perc_ct,20.73723917
new york,genesee,2020,Soybeans,105.05,perc_ct,8.071506564
new york,genesee,2021,Soybeans,102.36,perc_ct,26.13254831
new york,genesee,2015,Soybeans,91.17,perc_cc,1.517671966
new york,genesee,2016,Corn,85.44,perc_cc,8.415908755
new york,genesee,2016,Soybeans,92.14,perc_cc,2.963476438
new york,genesee,2017,Soybeans,89.38,perc_cc,3.829935858
new york,genesee,2018,Corn,101.34,perc_cc,12.75269136
new york,genesee,2018,Soybeans,104.63,perc_cc,9.032496008
new york,genesee,2019,Corn,101.7,perc_cc,6.960813373
new york,genesee,2019,Soybeans,105.44,perc_cc,1.445592553
new york,genesee,2020,Corn,101.4,perc_cc,8.224577871
new york,genesee,2020,Soybeans,105.05,perc_cc,3.838405436
new york,genesee,2021,Soybeans,102.36,perc_cc,4.461600688
new york,genesee,2015,Soybeans,91.17,perc_nt,29.90556597
new york,genesee,2017,Soybeans,89.38,perc_nt,27.20908336
new york,genesee,2018,Corn,101.34,perc_nt,30.43527412
new york,genesee,2018,Soybeans,104.63,perc_nt,39.80389615
new york,genesee,2019,Corn,101.7,perc_nt,24.1905664
new york,genesee,2019,Soybeans,105.44,perc_nt,28.82962858
new york,genesee,2020,Corn,101.4,perc_nt,28.27181868
new york,genesee,2020,Soybeans,105.05,perc_nt,34.83687734
new york,genesee,2021,Soybeans,102.36,perc_nt,16.87777803
new york,genesee,2015,Soybeans,91.17,perc_rt,58.77853437
new york,genesee,2017,Soybeans,89.38,perc_rt,58.69365078
new york,genesee,2018,Corn,101.34,perc_rt,45.69639509
new york,genesee,2018,Soybeans,104.63,perc_rt,48.6157392
new york,genesee,2019,Corn,101.7,perc_rt,54.73291855
new york,genesee,2019,Soybeans,105.44,perc_rt,52.92697879
new york,genesee,2020,Corn,101.4,perc_rt,44.89872607
new york,genesee,2020,Soybeans,105.05,perc_rt,48.95948539
new york,genesee,2021,Soybeans,102.36,perc_rt,54.44415293
new york,herkimer,2015,Corn,60.19,perc_ct,6.587020658
new york,herkimer,2016,Soybeans,73.45,perc_ct,6.545688365
new york,herkimer,2017,Corn,83.8,perc_ct,6.844762203
new york,herkimer,2017,Soybeans,57.02,perc_ct,9.625955064
new york,herkimer,2018,Soybeans,72.46,perc_ct,5.378843802
new york,herkimer,2019,Soybeans,75.12,perc_ct,4.207474875
new york,herkimer,2020,Corn,80.8,perc_ct,15.77414465
new york,herkimer,2020,Soybeans,73.48,perc_ct,4.376844804
new york,herkimer,2021,Corn,77.79,perc_ct,7.282277427
new york,herkimer,2021,Soybeans,95.44,perc_ct,7.609976356
new york,herkimer,2015,Corn,60.19,perc_cc,0.709344586
new york,herkimer,2017,Corn,83.8,perc_cc,0.89394855
new york,herkimer,2018,Soybeans,72.46,perc_cc,0.517125972
new york,herkimer,2019,Soybeans,75.12,perc_cc,1.280177817
new york,herkimer,2020,Corn,80.8,perc_cc,12.83974208
new york,herkimer,2020,Soybeans,73.48,perc_cc,10.06809711
new york,herkimer,2021,Corn,77.79,perc_cc,2.388941406
new york,herkimer,2021,Soybeans,95.44,perc_cc,3.454991102
new york,herkimer,2015,Corn,60.19,perc_nt,25.49689247
new york,herkimer,2015,Soybeans,63.37,perc_nt,41.45436052
new york,herkimer,2016,Soybeans,73.45,perc_nt,53.86336203
new york,herkimer,2017,Corn,83.8,perc_nt,18.97115073
new york,herkimer,2017,Soybeans,57.02,perc_nt,14.52609006
new york,herkimer,2018,Soybeans,72.46,perc_nt,7.11898919
new york,herkimer,2019,Soybeans,75.12,perc_nt,14.90529753
new york,herkimer,2020,Corn,80.8,perc_nt,24.76404486
new york,herkimer,2020,Soybeans,73.48,perc_nt,33.52669367
new york,herkimer,2021,Corn,77.79,perc_nt,6.255862178
new york,herkimer,2021,Soybeans,95.44,perc_nt,7.117859297
new york,herkimer,2015,Corn,60.19,perc_rt,65.41074577
new york,herkimer,2015,Soybeans,63.37,perc_rt,56.00025047
new york,herkimer,2016,Soybeans,73.45,perc_rt,37.37539008
new york,herkimer,2017,Corn,83.8,perc_rt,58.79646916
new york,herkimer,2017,Soybeans,57.02,perc_rt,65.57775217
new york,herkimer,2018,Soybeans,72.46,perc_rt,86.47251799
new york,herkimer,2019,Soybeans,75.12,perc_rt,76.5383211
new york,herkimer,2020,Corn,80.8,perc_rt,55.22015216
new york,herkimer,2020,Soybeans,73.48,perc_rt,56.97634196
new york,herkimer,2021,Corn,77.79,perc_rt,75.98095077
new york,herkimer,2021,Soybeans,95.44,perc_rt,77.57744395
new york,jefferson,2015,Corn,119.81,perc_ct,14.15881041
new york,jefferson,2015,Soybeans,83.5,perc_ct,4.63337101
new york,jefferson,2016,Corn,67.92,perc_ct,16.69058132
new york,jefferson,2016,Soybeans,79.31,perc_ct,25.50364865
new york,jefferson,2017,Corn,83.99,perc_ct,14.97261673
new york,jefferson,2017,Soybeans,73.55,perc_ct,22.23225651
new york,jefferson,2018,Corn,87.06,perc_ct,18.52792096
new york,jefferson,2018,Soybeans,78.54,perc_ct,11.02642537
new york,jefferson,2019,Corn,95.86,perc_ct,7.163160377
new york,jefferson,2019,Soybeans,83.31,perc_ct,9.17909111
new york,jefferson,2020,Corn,92.41,perc_ct,29.67756638
new york,jefferson,2020,Soybeans,75.99,perc_ct,14.2997097
new york,jefferson,2021,Corn,80.1,perc_ct,17.55625469
new york,jefferson,2021,Soybeans,87.97,perc_ct,11.93929569
new york,jefferson,2015,Corn,119.81,perc_cc,16.75603604
new york,jefferson,2015,Soybeans,83.5,perc_cc,13.20115288
new york,jefferson,2016,Corn,67.92,perc_cc,6.723539264
new york,jefferson,2016,Soybeans,79.31,perc_cc,3.168059232
new york,jefferson,2017,Corn,83.99,perc_cc,22.21392432
new york,jefferson,2017,Soybeans,73.55,perc_cc,11.93319045
new york,jefferson,2018,Corn,87.06,perc_cc,4.065386162
new york,jefferson,2018,Soybeans,78.54,perc_cc,1.917263636
new york,jefferson,2019,Corn,95.86,perc_cc,11.28351439
new york,jefferson,2019,Soybeans,83.31,perc_cc,1.520891486
new york,jefferson,2020,Corn,92.41,perc_cc,5.209939365
new york,jefferson,2020,Soybeans,75.99,perc_cc,4.52355508
new york,jefferson,2021,Corn,80.1,perc_cc,7.82522892
new york,jefferson,2021,Soybeans,87.97,perc_cc,5.798447678
new york,jefferson,2015,Corn,119.81,perc_nt,16.61444443
new york,jefferson,2015,Soybeans,83.5,perc_nt,29.74461912
new york,jefferson,2016,Corn,67.92,perc_nt,7.913166026
new york,jefferson,2016,Soybeans,79.31,perc_nt,11.05713063
new york,jefferson,2017,Corn,83.99,perc_nt,28.82609564
new york,jefferson,2017,Soybeans,73.55,perc_nt,9.49296014
new york,jefferson,2018,Corn,87.06,perc_nt,32.10412665
new york,jefferson,2018,Soybeans,78.54,perc_nt,37.83856051
new york,jefferson,2019,Corn,95.86,perc_nt,10.25065028
new york,jefferson,2019,Soybeans,83.31,perc_nt,5.586110409
new york,jefferson,2020,Corn,92.41,perc_nt,10.06715106
new york,jefferson,2020,Soybeans,75.99,perc_nt,13.70313263
new york,jefferson,2021,Corn,80.1,perc_nt,16.55459322
new york,jefferson,2021,Soybeans,87.97,perc_nt,18.84883933
new york,jefferson,2015,Corn,119.81,perc_rt,66.64397974
new york,jefferson,2015,Soybeans,83.5,perc_rt,64.45447192
new york,jefferson,2016,Corn,67.92,perc_rt,69.61817589
new york,jefferson,2016,Soybeans,79.31,perc_rt,61.58049923
new york,jefferson,2017,Corn,83.99,perc_rt,50.3904368
new york,jefferson,2017,Soybeans,73.55,perc_rt,66.293153
new york,jefferson,2018,Corn,87.06,perc_rt,48.46382902
new york,jefferson,2018,Soybeans,78.54,perc_rt,51.13501412
new york,jefferson,2019,Corn,95.86,perc_rt,80.27767115
new york,jefferson,2019,Soybeans,83.31,perc_rt,85.23479848
new york,jefferson,2020,Corn,92.41,perc_rt,57.11064402
new york,jefferson,2020,Soybeans,75.99,perc_rt,71.45262762
new york,jefferson,2021,Corn,80.1,perc_rt,64.7639001
new york,jefferson,2021,Soybeans,87.97,perc_rt,69.21186499
new york,lewis,2016,Corn,62.71,perc_ct,13.42140515
new york,lewis,2016,Soybeans,59.78,perc_ct,8.372974218
new york,lewis,2017,Corn,78.35,perc_ct,8.212981192
new york,lewis,2017,Soybeans,64.76,perc_ct,27.82374682
new york,lewis,2018,Corn,98.54,perc_ct,8.154524722
new york,lewis,2019,Corn,87.57,perc_ct,3.64420212
new york,lewis,2019,Soybeans,92.59,perc_ct,11.59953343
new york,lewis,2020,Corn,78.34,perc_ct,23.13564914
new york,lewis,2020,Soybeans,92.55,perc_ct,30.44340391
new york,lewis,2021,Corn,76.32,perc_ct,8.669993078
new york,lewis,2021,Soybeans,88.8,perc_ct,2.468693975
new york,lewis,2015,Soybeans,61.01,perc_cc,4.008800069
new york,lewis,2016,Corn,62.71,perc_cc,2.797779194
new york,lewis,2017,Corn,78.35,perc_cc,17.20542075
new york,lewis,2017,Soybeans,64.76,perc_cc,18.06380519
new york,lewis,2018,Corn,98.54,perc_cc,1.419379067
new york,lewis,2019,Corn,87.57,perc_cc,2.852679483
new york,lewis,2020,Corn,78.34,perc_cc,0.175743531
new york,lewis,2021,Corn,76.32,perc_cc,9.748474463
new york,lewis,2021,Soybeans,88.8,perc_cc,7.494756761
new york,lewis,2015,Soybeans,61.01,perc_nt,4.008800069
new york,lewis,2016,Corn,62.71,perc_nt,13.11103211
new york,lewis,2016,Soybeans,59.78,perc_nt,3.140994705
new york,lewis,2017,Corn,78.35,perc_nt,19.3966559
new york,lewis,2017,Soybeans,64.76,perc_nt,9.920469052
new york,lewis,2018,Corn,98.54,perc_nt,30.82768266
new york,lewis,2019,Corn,87.57,perc_nt,26.98663262
new york,lewis,2019,Soybeans,92.59,perc_nt,26.00097741
new york,lewis,2020,Corn,78.34,perc_nt,10.05123885
new york,lewis,2020,Soybeans,92.55,perc_nt,27.70833344
new york,lewis,2021,Corn,76.32,perc_nt,27.811724
new york,lewis,2021,Soybeans,88.8,perc_nt,23.13946783
new york,lewis,2016,Corn,62.71,perc_rt,69.73872426
new york,lewis,2016,Soybeans,59.78,perc_rt,85.34263111
new york,lewis,2017,Corn,78.35,perc_rt,64.73529185
new york,lewis,2017,Soybeans,64.76,perc_rt,60.59590452
new york,lewis,2018,Corn,98.54,perc_rt,59.78808388
new york,lewis,2019,Corn,87.57,perc_rt,69.16735816
new york,lewis,2019,Soybeans,92.59,perc_rt,62.39948917
new york,lewis,2020,Corn,78.34,perc_rt,66.81311201
new york,lewis,2020,Soybeans,92.55,perc_rt,41.84826265
new york,lewis,2021,Corn,76.32,perc_rt,63.10167428
new york,lewis,2021,Soybeans,88.8,perc_rt,74.3918382
new york,livingston,2015,Corn,98.47,perc_ct,18.58552791
new york,livingston,2015,Soybeans,93.32,perc_ct,17.16553783
new york,livingston,2017,Corn,93.27,perc_ct,10.54964798
new york,livingston,2017,Soybeans,97.24,perc_ct,16.85559872
new york,livingston,2018,Corn,105.6,perc_ct,17.70242018
new york,livingston,2018,Soybeans,106.77,perc_ct,12.24223066
new york,livingston,2019,Corn,101.15,perc_ct,4.623878921
new york,livingston,2019,Soybeans,115.79,perc_ct,5.219482671
new york,livingston,2020,Corn,109.44,perc_ct,3.470427469
new york,livingston,2020,Soybeans,107.67,perc_ct,1.808889772
new york,livingston,2021,Corn,92.9,perc_ct,17.58311772
new york,livingston,2021,Soybeans,99.16,perc_ct,13.41879235
new york,livingston,2015,Corn,98.47,perc_cc,3.121705779
new york,livingston,2015,Soybeans,93.32,perc_cc,0.293818033
new york,livingston,2016,Corn,93.47,perc_cc,5.664542332
new york,livingston,2016,Soybeans,104.81,perc_cc,2.924490478
new york,livingston,2017,Corn,93.27,perc_cc,6.260517837
new york,livingston,2017,Soybeans,97.24,perc_cc,2.61190068
new york,livingston,2018,Corn,105.6,perc_cc,1.757777073
new york,livingston,2018,Soybeans,106.77,perc_cc,0.597879682
new york,livingston,2019,Corn,101.15,perc_cc,5.248296281
new york,livingston,2019,Soybeans,115.79,perc_cc,0.935650844
new york,livingston,2020,Corn,109.44,perc_cc,1.074068573
new york,livingston,2020,Soybeans,107.67,perc_cc,0.446029595
new york,livingston,2021,Corn,92.9,perc_cc,10.38741328
new york,livingston,2021,Soybeans,99.16,perc_cc,2.947208734
new york,livingston,2015,Corn,98.47,perc_nt,32.61600856
new york,livingston,2015,Soybeans,93.32,perc_nt,20.47678689
new york,livingston,2017,Corn,93.27,perc_nt,46.72230778
new york,livingston,2017,Soybeans,97.24,perc_nt,23.26060526
new york,livingston,2018,Corn,105.6,perc_nt,33.32387903
new york,livingston,2018,Soybeans,106.77,perc_nt,41.95317537
new york,livingston,2019,Corn,101.15,perc_nt,26.13563637
new york,livingston,2019,Soybeans,115.79,perc_nt,30.84425302
new york,livingston,2020,Corn,109.44,perc_nt,38.154518
new york,livingston,2020,Soybeans,107.67,perc_nt,48.92771424
new york,livingston,2021,Corn,92.9,perc_nt,31.33097859
new york,livingston,2021,Soybeans,99.16,perc_nt,23.80693212
new york,livingston,2015,Corn,98.47,perc_rt,46.02106792
new york,livingston,2015,Soybeans,93.32,perc_rt,61.32172691
new york,livingston,2017,Corn,93.27,perc_rt,37.78472232
new york,livingston,2017,Soybeans,97.24,perc_rt,58.47416059
new york,livingston,2018,Corn,105.6,perc_rt,44.31771485
new york,livingston,2018,Soybeans,106.77,perc_rt,41.9314178
new york,livingston,2019,Corn,101.15,perc_rt,54.9622327
new york,livingston,2019,Soybeans,115.79,perc_rt,47.02202723
new york,livingston,2020,Corn,109.44,perc_rt,49.68539975
new york,livingston,2020,Soybeans,107.67,perc_rt,36.91667315
new york,livingston,2021,Corn,92.9,perc_rt,47.44365987
new york,livingston,2021,Soybeans,99.16,perc_rt,60.23834762
new york,madison,2015,Corn,56.68,perc_ct,1.593964005
new york,madison,2015,Soybeans,53.53,perc_ct,0.941094065
new york,madison,2016,Corn,62.54,perc_ct,4.945434295
new york,madison,2016,Soybeans,65.78,perc_ct,3.756021263
new york,madison,2017,Corn,71.06,perc_ct,1.902181387
new york,madison,2017,Soybeans,52.41,perc_ct,7.108455115
new york,madison,2018,Corn,83.18,perc_ct,14.47931792
new york,madison,2018,Soybeans,76.72,perc_ct,12.17012218
new york,madison,2019,Corn,81.47,perc_ct,6.412255162
new york,madison,2019,Soybeans,77.95,perc_ct,6.405730394
new york,madison,2020,Corn,78.29,perc_ct,22.26191289
new york,madison,2020,Soybeans,71.57,perc_ct,5.428249981
new york,madison,2021,Corn,73.03,perc_ct,21.71916827
new york,madison,2021,Soybeans,78.09,perc_ct,15.0584959
new york,madison,2015,Corn,56.68,perc_cc,3.698620748
new york,madison,2015,Soybeans,53.53,perc_cc,0.531807403
new york,madison,2016,Corn,62.54,perc_cc,3.279932357
new york,madison,2016,Soybeans,65.78,perc_cc,0.465668357
new york,madison,2017,Corn,71.06,perc_cc,7.592438757
new york,madison,2017,Soybeans,52.41,perc_cc,5.547414838
new york,madison,2018,Corn,83.18,perc_cc,6.40690476
new york,madison,2018,Soybeans,76.72,perc_cc,9.374194625
new york,madison,2019,Corn,81.47,perc_cc,2.939740577
new york,madison,2019,Soybeans,77.95,perc_cc,1.278420203
new york,madison,2020,Corn,78.29,perc_cc,12.6144801
new york,madison,2020,Soybeans,71.57,perc_cc,24.66838011
new york,madison,2021,Corn,73.03,perc_cc,4.178316159
new york,madison,2021,Soybeans,78.09,perc_cc,0.784058113
new york,madison,2015,Corn,56.68,perc_nt,17.91790034
new york,madison,2015,Soybeans,53.53,perc_nt,17.96815045
new york,madison,2016,Corn,62.54,perc_nt,16.66564936
new york,madison,2016,Soybeans,65.78,perc_nt,7.924329868
new york,madison,2017,Corn,71.06,perc_nt,7.934536403
new york,madison,2017,Soybeans,52.41,perc_nt,12.76955157
new york,madison,2018,Corn,83.18,perc_nt,29.35993635
new york,madison,2018,Soybeans,76.72,perc_nt,25.90425547
new york,madison,2019,Corn,81.47,perc_nt,21.69156848
new york,madison,2019,Soybeans,77.95,perc_nt,20.11275782
new york,madison,2020,Corn,78.29,perc_nt,13.7712424
new york,madison,2020,Soybeans,71.57,perc_nt,29.79891862
new york,madison,2021,Corn,73.03,perc_nt,14.09478633
new york,madison,2021,Soybeans,78.09,perc_nt,16.45752628
new york,madison,2015,Corn,56.68,perc_rt,14.11876695
new york,madison,2015,Soybeans,53.53,perc_rt,21.77980666
new york,madison,2016,Corn,62.54,perc_rt,62.86776731
new york,madison,2016,Soybeans,65.78,perc_rt,76.45109064
new york,madison,2017,Corn,71.06,perc_rt,35.77336427
new york,madison,2017,Soybeans,52.41,perc_rt,45.93174753
new york,madison,2018,Corn,83.18,perc_rt,55.06770943
new york,madison,2018,Soybeans,76.72,perc_rt,61.48204897
new york,madison,2019,Corn,81.47,perc_rt,68.87295764
new york,madison,2019,Soybeans,77.95,perc_rt,72.66026536
new york,madison,2020,Corn,78.29,perc_rt,61.97026109
new york,madison,2020,Soybeans,71.57,perc_rt,60.15053751
new york,madison,2021,Corn,73.03,perc_rt,62.19442258
new york,madison,2021,Soybeans,78.09,perc_rt,67.46654068
new york,montgomery,2015,Corn,54.86,perc_ct,4.122863632
new york,montgomery,2016,Corn,61.17,perc_ct,2.237276651
new york,montgomery,2017,Corn,76.56,perc_ct,4.1200659
new york,montgomery,2018,Corn,74,perc_ct,7.70205785
new york,montgomery,2020,Corn,74.49,perc_ct,6.940886145
new york,montgomery,2020,Soybeans,71.24,perc_ct,5.574623511
new york,montgomery,2021,Corn,71.56,perc_ct,2.369315179
new york,montgomery,2021,Soybeans,72.81,perc_ct,1.649117102
new york,montgomery,2015,Corn,54.86,perc_cc,1.850218855
new york,montgomery,2016,Corn,61.17,perc_cc,4.305590571
new york,montgomery,2017,Corn,76.56,perc_cc,3.117948783
new york,montgomery,2018,Corn,74,perc_cc,8.558327567
new york,montgomery,2020,Corn,74.49,perc_cc,19.19763572
new york,montgomery,2020,Soybeans,71.24,perc_cc,8.835871914
new york,montgomery,2021,Corn,71.56,perc_cc,6.710564449
new york,montgomery,2021,Soybeans,72.81,perc_cc,1.076409472
new york,montgomery,2015,Corn,54.86,perc_nt,12.4784897
new york,montgomery,2016,Corn,61.17,perc_nt,20.65999656
new york,montgomery,2017,Corn,76.56,perc_nt,5.558028642
new york,montgomery,2018,Corn,74,perc_nt,9.235855209
new york,montgomery,2020,Corn,74.49,perc_nt,8.933161788
new york,montgomery,2020,Soybeans,71.24,perc_nt,14.06233974
new york,montgomery,2021,Corn,71.56,perc_nt,3.379156951
new york,montgomery,2021,Soybeans,72.81,perc_nt,0.48396709
new york,montgomery,2015,Corn,54.86,perc_rt,32.42624068
new york,montgomery,2016,Corn,61.17,perc_rt,25.31782045
new york,montgomery,2017,Corn,76.56,perc_rt,35.80135959
new york,montgomery,2018,Corn,74,perc_rt,28.87446948
new york,montgomery,2020,Corn,74.49,perc_rt,32.53473437
new york,montgomery,2020,Soybeans,71.24,perc_rt,44.30023491
new york,montgomery,2021,Corn,71.56,perc_rt,37.04267016
new york,montgomery,2021,Soybeans,72.81,perc_rt,57.93377404
new york,oneida,2015,Corn,56.79,perc_ct,5.69708546
new york,oneida,2015,Soybeans,69.07,perc_ct,2.161721691
new york,oneida,2016,Corn,94.41,perc_ct,6.627589463
new york,oneida,2016,Soybeans,68.14,perc_ct,13.41604254
new york,oneida,2017,Corn,77.38,perc_ct,7.040748926
new york,oneida,2017,Soybeans,64.74,perc_ct,7.063548983
new york,oneida,2018,Corn,73.99,perc_ct,11.01949597
new york,oneida,2018,Soybeans,79.76,perc_ct,11.68348307
new york,oneida,2019,Corn,83.8,perc_ct,4.864416928
new york,oneida,2019,Soybeans,80.87,perc_ct,7.104366704
new york,oneida,2020,Corn,83.74,perc_ct,17.26472398
new york,oneida,2020,Soybeans,73.75,perc_ct,13.43885114
new york,oneida,2021,Corn,78.74,perc_ct,14.69776941
new york,oneida,2021,Soybeans,77.54,perc_ct,11.94610143
new york,oneida,2015,Corn,56.79,perc_cc,6.377260091
new york,oneida,2015,Soybeans,69.07,perc_cc,4.879620886
new york,oneida,2016,Corn,94.41,perc_cc,0.84785993
new york,oneida,2017,Corn,77.38,perc_cc,4.873731427
new york,oneida,2017,Soybeans,64.74,perc_cc,4.691391828
new york,oneida,2018,Corn,73.99,perc_cc,9.683770651
new york,oneida,2018,Soybeans,79.76,perc_cc,6.947864022
new york,oneida,2019,Corn,83.8,perc_cc,5.039900294
new york,oneida,2019,Soybeans,80.87,perc_cc,1.491942817
new york,oneida,2020,Corn,83.74,perc_cc,7.148474007
new york,oneida,2020,Soybeans,73.75,perc_cc,8.680155311
new york,oneida,2021,Corn,78.74,perc_cc,0.420660678
new york,oneida,2015,Corn,56.79,perc_nt,10.80171147
new york,oneida,2015,Soybeans,69.07,perc_nt,20.70777923
new york,oneida,2016,Corn,94.41,perc_nt,16.65680112
new york,oneida,2016,Soybeans,68.14,perc_nt,7.560069114
new york,oneida,2017,Corn,77.38,perc_nt,17.38514922
new york,oneida,2017,Soybeans,64.74,perc_nt,14.03576565
new york,oneida,2018,Corn,73.99,perc_nt,30.67252734
new york,oneida,2018,Soybeans,79.76,perc_nt,22.96780982
new york,oneida,2019,Corn,83.8,perc_nt,23.15573645
new york,oneida,2019,Soybeans,80.87,perc_nt,18.87105364
new york,oneida,2020,Corn,83.74,perc_nt,18.00035043
new york,oneida,2020,Soybeans,73.75,perc_nt,22.08617841
new york,oneida,2021,Corn,78.74,perc_nt,21.8588543
new york,oneida,2021,Soybeans,77.54,perc_nt,12.49011444
new york,oneida,2015,Corn,56.79,perc_rt,12.99869535
new york,oneida,2015,Soybeans,69.07,perc_rt,12.44125762
new york,oneida,2016,Corn,94.41,perc_rt,66.09998144
new york,oneida,2016,Soybeans,68.14,perc_rt,74.18551751
new york,oneida,2017,Corn,77.38,perc_rt,53.96937384
new york,oneida,2017,Soybeans,64.74,perc_rt,45.55759744
new york,oneida,2018,Corn,73.99,perc_rt,57.60645175
new york,oneida,2018,Soybeans,79.76,perc_rt,65.04692575
new york,oneida,2019,Corn,83.8,perc_rt,69.81090412
new york,oneida,2019,Soybeans,80.87,perc_rt,73.01800749
new york,oneida,2020,Corn,83.74,perc_rt,62.77444864
new york,oneida,2020,Soybeans,73.75,perc_rt,62.89996954
new york,oneida,2021,Corn,78.74,perc_rt,59.63598414
new york,oneida,2021,Soybeans,77.54,perc_rt,67.47708761
new york,onondaga,2015,Corn,79.2,perc_ct,4.634637374
new york,onondaga,2015,Soybeans,102.48,perc_ct,2.514506164
new york,onondaga,2016,Corn,99.13,perc_ct,6.978679063
new york,onondaga,2016,Soybeans,115.9,perc_ct,3.90202209
new york,onondaga,2017,Corn,96.8,perc_ct,2.711098163
new york,onondaga,2017,Soybeans,111.37,perc_ct,1.695543677
new york,onondaga,2018,Corn,107.75,perc_ct,7.171263679
new york,onondaga,2018,Soybeans,124.73,perc_ct,6.520847069
new york,onondaga,2019,Corn,109.47,perc_ct,4.7685194
new york,onondaga,2019,Soybeans,109.91,perc_ct,3.520055873
new york,onondaga,2020,Corn,117.06,perc_ct,17.58097763
new york,onondaga,2020,Soybeans,103.75,perc_ct,8.363149596
new york,onondaga,2021,Corn,97.69,perc_ct,16.85271564
new york,onondaga,2021,Soybeans,122.78,perc_ct,9.251308804
new york,onondaga,2015,Corn,79.2,perc_cc,20.80369875
new york,onondaga,2015,Soybeans,102.48,perc_cc,19.08725508
new york,onondaga,2016,Corn,99.13,perc_cc,2.454206137
new york,onondaga,2016,Soybeans,115.9,perc_cc,1.953678493
new york,onondaga,2017,Corn,96.8,perc_cc,9.445096687
new york,onondaga,2017,Soybeans,111.37,perc_cc,8.507085994
new york,onondaga,2018,Corn,107.75,perc_cc,7.009702983
new york,onondaga,2018,Soybeans,124.73,perc_cc,8.655971256
new york,onondaga,2019,Corn,109.47,perc_cc,20.89572619
new york,onondaga,2019,Soybeans,109.91,perc_cc,18.18156953
new york,onondaga,2020,Corn,117.06,perc_cc,9.830999696
new york,onondaga,2020,Soybeans,103.75,perc_cc,9.824223772
new york,onondaga,2021,Corn,97.69,perc_cc,1.453216931
new york,onondaga,2021,Soybeans,122.78,perc_cc,0.98911971
new york,onondaga,2015,Corn,79.2,perc_nt,48.41051338
new york,onondaga,2015,Soybeans,102.48,perc_nt,48.88093566
new york,onondaga,2016,Corn,99.13,perc_nt,14.52704834
new york,onondaga,2016,Soybeans,115.9,perc_nt,7.676309507
new york,onondaga,2017,Corn,96.8,perc_nt,54.22237126
new york,onondaga,2017,Soybeans,111.37,perc_nt,60.00743163
new york,onondaga,2018,Corn,107.75,perc_nt,36.09151971
new york,onondaga,2018,Soybeans,124.73,perc_nt,44.3962721
new york,onondaga,2019,Corn,109.47,perc_nt,39.04374267
new york,onondaga,2019,Soybeans,109.91,perc_nt,39.87538599
new york,onondaga,2020,Corn,117.06,perc_nt,36.57059697
new york,onondaga,2020,Soybeans,103.75,perc_nt,59.95678526
new york,onondaga,2021,Corn,97.69,perc_nt,30.09821546
new york,onondaga,2021,Soybeans,122.78,perc_nt,34.32453474
new york,onondaga,2015,Corn,79.2,perc_rt,35.10501198
new york,onondaga,2015,Soybeans,102.48,perc_rt,41.50495671
new york,onondaga,2016,Corn,99.13,perc_rt,67.59848567
new york,onondaga,2016,Soybeans,115.9,perc_rt,82.3574594
new york,onondaga,2017,Corn,96.8,perc_rt,34.09884893
new york,onondaga,2017,Soybeans,111.37,perc_rt,36.11840552
new york,onondaga,2018,Corn,107.75,perc_rt,55.58615236
new york,onondaga,2018,Soybeans,124.73,perc_rt,48.05961591
new york,onondaga,2019,Corn,109.47,perc_rt,53.98545603
new york,onondaga,2019,Soybeans,109.91,perc_rt,54.4937437
new york,onondaga,2020,Corn,117.06,perc_rt,44.66372823
new york,onondaga,2020,Soybeans,103.75,perc_rt,28.56830606
new york,onondaga,2021,Corn,97.69,perc_rt,52.15786404
new york,onondaga,2021,Soybeans,122.78,perc_rt,55.24586847
new york,ontario,2015,Corn,102.38,perc_ct,10.51932916
new york,ontario,2015,Soybeans,105.33,perc_ct,13.04468114
new york,ontario,2016,Corn,106.2,perc_ct,10.60704767
new york,ontario,2016,Soybeans,119.38,perc_ct,11.42482338
new york,ontario,2017,Corn,117.93,perc_ct,4.53959038
new york,ontario,2017,Soybeans,123.93,perc_ct,5.045723253
new york,ontario,2018,Soybeans,124.53,perc_ct,9.560634048
new york,ontario,2019,Corn,123.12,perc_ct,5.321560276
new york,ontario,2019,Soybeans,119.07,perc_ct,5.77511936
new york,ontario,2020,Corn,120.53,perc_ct,15.33197278
new york,ontario,2020,Soybeans,124.7,perc_ct,9.279454041
new york,ontario,2021,Corn,111.37,perc_ct,13.50524297
new york,ontario,2021,Soybeans,119.32,perc_ct,9.566133206
new york,ontario,2015,Corn,102.38,perc_cc,2.383360467
new york,ontario,2015,Soybeans,105.33,perc_cc,1.412874527
new york,ontario,2016,Corn,106.2,perc_cc,3.882987709
new york,ontario,2016,Soybeans,119.38,perc_cc,0.82416728
new york,ontario,2017,Corn,117.93,perc_cc,8.889612463
new york,ontario,2017,Soybeans,123.93,perc_cc,6.495744968
new york,ontario,2018,Soybeans,124.53,perc_cc,0.563641309
new york,ontario,2019,Corn,123.12,perc_cc,12.00567843
new york,ontario,2019,Soybeans,119.07,perc_cc,6.117045322
new york,ontario,2020,Corn,120.53,perc_cc,1.834284363
new york,ontario,2020,Soybeans,124.7,perc_cc,1.435750655
new york,ontario,2021,Corn,111.37,perc_cc,9.278866248
new york,ontario,2021,Soybeans,119.32,perc_cc,3.05734359
new york,ontario,2015,Corn,102.38,perc_nt,42.16056442
new york,ontario,2015,Soybeans,105.33,perc_nt,32.43098659
new york,ontario,2016,Corn,106.2,perc_nt,18.47464932
new york,ontario,2016,Soybeans,119.38,perc_nt,15.6666889
new york,ontario,2017,Corn,117.93,perc_nt,49.26053696
new york,ontario,2017,Soybeans,123.93,perc_nt,55.28722756
new york,ontario,2018,Soybeans,124.53,perc_nt,55.63273205
new york,ontario,2019,Corn,123.12,perc_nt,14.02811342
new york,ontario,2019,Soybeans,119.07,perc_nt,13.87883915
new york,ontario,2020,Corn,120.53,perc_nt,32.19632922
new york,ontario,2020,Soybeans,124.7,perc_nt,43.78761836
new york,ontario,2021,Corn,111.37,perc_nt,36.69319628
new york,ontario,2021,Soybeans,119.32,perc_nt,31.82146986
new york,ontario,2015,Corn,102.38,perc_rt,40.96491522
new york,ontario,2015,Soybeans,105.33,perc_rt,49.67806788
new york,ontario,2016,Corn,106.2,perc_rt,43.53679347
new york,ontario,2016,Soybeans,119.38,perc_rt,44.7082054
new york,ontario,2017,Corn,117.93,perc_rt,35.32388432
new york,ontario,2017,Soybeans,123.93,perc_rt,34.55793792
new york,ontario,2018,Soybeans,124.53,perc_rt,31.17583104
new york,ontario,2019,Corn,123.12,perc_rt,69.57112735
new york,ontario,2019,Soybeans,119.07,perc_rt,69.89462654
new york,ontario,2020,Corn,120.53,perc_rt,46.33391648
new york,ontario,2020,Soybeans,124.7,perc_rt,39.15031676
new york,ontario,2021,Corn,111.37,perc_rt,47.51207712
new york,ontario,2021,Soybeans,119.32,perc_rt,55.91091764
new york,orange,2016,Corn,79.84,perc_ct,1.880777263
new york,orange,2017,Soybeans,78.51,perc_ct,5.32820223
new york,orange,2020,Corn,112.04,perc_ct,0.54833784
new york,orange,2021,Soybeans,123.7,perc_ct,0.640125502
new york,orange,2016,Corn,79.84,perc_cc,2.780541592
new york,orange,2017,Corn,85.56,perc_cc,2.604378519
new york,orange,2017,Soybeans,78.51,perc_cc,1.015437387
new york,orange,2018,Soybeans,77.16,perc_cc,17.54885427
new york,orange,2020,Corn,112.04,perc_cc,12.22211865
new york,orange,2020,Soybeans,108.3,perc_cc,18.42960799
new york,orange,2021,Corn,95.17,perc_cc,8.828872768
new york,orange,2021,Soybeans,123.7,perc_cc,2.62926767
new york,orange,2016,Corn,79.84,perc_nt,8.907338823
new york,orange,2017,Corn,85.56,perc_nt,7.269930028
new york,orange,2017,Soybeans,78.51,perc_nt,0.844967875
new york,orange,2018,Soybeans,77.16,perc_nt,9.99053038
new york,orange,2020,Corn,112.04,perc_nt,5.661465168
new york,orange,2020,Soybeans,108.3,perc_nt,2.765548424
new york,orange,2021,Corn,95.17,perc_nt,6.33704272
new york,orange,2021,Soybeans,123.7,perc_nt,17.95667167
new york,orange,2016,Corn,79.84,perc_rt,6.199847077
new york,orange,2016,Soybeans,75.25,perc_rt,10.83484147
new york,orange,2017,Corn,85.56,perc_rt,6.582271956
new york,orange,2017,Soybeans,78.51,perc_rt,10.0370453
new york,orange,2018,Soybeans,77.16,perc_rt,5.287274199
new york,orange,2020,Corn,112.04,perc_rt,5.043614298
new york,orange,2020,Soybeans,108.3,perc_rt,18.61850798
new york,orange,2021,Corn,95.17,perc_rt,4.549349035
new york,orange,2021,Soybeans,123.7,perc_rt,1.354359486
new york,oswego,2016,Corn,79.5,perc_ct,3.825696513
new york,oswego,2016,Soybeans,74.88,perc_ct,4.34811033
new york,oswego,2017,Corn,80.14,perc_ct,3.930858723
new york,oswego,2018,Soybeans,110.7,perc_ct,8.394080472
new york,oswego,2019,Soybeans,103.23,perc_ct,0.824355639
new york,oswego,2020,Corn,107.91,perc_ct,22.85871043
new york,oswego,2020,Soybeans,98.56,perc_ct,5.566082107
new york,oswego,2021,Corn,89.63,perc_ct,13.52658532
new york,oswego,2021,Soybeans,111.04,perc_ct,10.58570004
new york,oswego,2016,Corn,79.5,perc_cc,0.562371246
new york,oswego,2016,Soybeans,74.88,perc_cc,0.793445638
new york,oswego,2017,Corn,80.14,perc_cc,4.254841512
new york,oswego,2018,Soybeans,110.7,perc_cc,7.196804002
new york,oswego,2019,Soybeans,103.23,perc_cc,3.011984704
new york,oswego,2020,Corn,107.91,perc_cc,12.9451466
new york,oswego,2020,Soybeans,98.56,perc_cc,13.88169597
new york,oswego,2021,Corn,89.63,perc_cc,3.554913574
new york,oswego,2016,Corn,79.5,perc_nt,12.46415207
new york,oswego,2016,Soybeans,74.88,perc_nt,11.26966366
new york,oswego,2017,Corn,80.14,perc_nt,66.52931743
new york,oswego,2018,Soybeans,110.7,perc_nt,50.87279567
new york,oswego,2019,Soybeans,103.23,perc_nt,41.62088451
new york,oswego,2020,Corn,107.91,perc_nt,30.04574373
new york,oswego,2020,Soybeans,98.56,perc_nt,60.45947802
new york,oswego,2021,Corn,89.63,perc_nt,42.3160128
new york,oswego,2021,Soybeans,111.04,perc_nt,32.57316417
new york,oswego,2016,Corn,79.5,perc_rt,77.98907156
new york,oswego,2016,Soybeans,74.88,perc_rt,76.48315417
new york,oswego,2017,Corn,80.14,perc_rt,20.98349861
new york,oswego,2018,Soybeans,110.7,perc_rt,35.30311843
new york,oswego,2019,Soybeans,103.23,perc_rt,55.40782685
new york,oswego,2020,Corn,107.91,perc_rt,44.19124878
new york,oswego,2020,Soybeans,98.56,perc_rt,32.52560405
new york,oswego,2021,Corn,89.63,perc_rt,42.88791376
new york,oswego,2021,Soybeans,111.04,perc_rt,51.04655429
new york,otsego,2015,Soybeans,64.34,perc_ct,1.288268516
new york,otsego,2016,Corn,102.97,perc_ct,3.782216865
new york,otsego,2016,Soybeans,51.58,perc_ct,7.371079913
new york,otsego,2017,Corn,61.68,perc_ct,11.7637807
new york,otsego,2019,Corn,67.15,perc_ct,3.198051234
new york,otsego,2019,Soybeans,53.88,perc_ct,5.10238864
new york,otsego,2020,Corn,58.58,perc_ct,18.21837274
new york,otsego,2020,Soybeans,60.76,perc_ct,7.809504061
new york,otsego,2021,Corn,53.8,perc_ct,6.663979327
new york,otsego,2021,Soybeans,57.66,perc_ct,5.255854327
new york,otsego,2015,Soybeans,64.34,perc_cc,1.678383565
new york,otsego,2016,Corn,102.97,perc_cc,0.749481108
new york,otsego,2017,Corn,61.68,perc_cc,2.360149181
new york,otsego,2019,Corn,67.15,perc_cc,2.713204546
new york,otsego,2020,Corn,58.58,perc_cc,7.052286748
new york,otsego,2020,Soybeans,60.76,perc_cc,3.720685296
new york,otsego,2021,Corn,53.8,perc_cc,4.423990652
new york,otsego,2021,Soybeans,57.66,perc_cc,0.522979892
new york,otsego,2015,Soybeans,64.34,perc_nt,51.99332554
new york,otsego,2016,Corn,102.97,perc_nt,49.92527246
new york,otsego,2016,Soybeans,51.58,perc_nt,53.92955138
new york,otsego,2017,Corn,61.68,perc_nt,12.98008145
new york,otsego,2019,Corn,67.15,perc_nt,22.95237586
new york,otsego,2019,Soybeans,53.88,perc_nt,17.90116382
new york,otsego,2020,Corn,58.58,perc_nt,25.98194129
new york,otsego,2020,Soybeans,60.76,perc_nt,35.37436096
new york,otsego,2021,Corn,53.8,perc_nt,7.383836368
new york,otsego,2021,Soybeans,57.66,perc_nt,11.13550066
new york,otsego,2015,Soybeans,64.34,perc_rt,43.22499691
new york,otsego,2016,Corn,102.97,perc_rt,37.90755949
new york,otsego,2016,Soybeans,51.58,perc_rt,37.31403051
new york,otsego,2017,Corn,61.68,perc_rt,56.96755762
new york,otsego,2019,Corn,67.15,perc_rt,70.87881726
new york,otsego,2019,Soybeans,53.88,perc_rt,71.40730825
new york,otsego,2020,Corn,58.58,perc_rt,51.97104464
new york,otsego,2020,Soybeans,60.76,perc_rt,48.15476554
new york,otsego,2021,Corn,53.8,perc_rt,69.78836945
new york,otsego,2021,Soybeans,57.66,perc_rt,68.79712456
new york,rensselaer,2016,Corn,58.67,perc_cc,12.48444095
new york,rensselaer,2017,Corn,65.34,perc_cc,2.11854643
new york,rensselaer,2018,Corn,65.22,perc_cc,17.2263224
new york,rensselaer,2019,Corn,64.63,perc_cc,13.32516091
new york,rensselaer,2020,Corn,62.19,perc_cc,22.3023359
new york,rensselaer,2021,Corn,123.51,perc_cc,20.82815854
new york,rensselaer,2021,Soybeans,63.84,perc_cc,19.82368324
new york,saratoga,2015,Corn,50.59,perc_cc,23.45416493
new york,saratoga,2016,Corn,53.08,perc_cc,9.661817945
new york,saratoga,2017,Corn,57.31,perc_cc,4.241274935
new york,saratoga,2018,Corn,65.86,perc_cc,13.70268383
new york,saratoga,2019,Corn,104.79,perc_cc,8.96604921
new york,saratoga,2020,Corn,60.47,perc_cc,17.41894433
new york,saratoga,2021,Corn,56.36,perc_cc,17.41755231
new york,schoharie,2016,Corn,54.49,perc_ct,0.685323609
new york,schoharie,2017,Corn,97.92,perc_ct,1.838353152
new york,schoharie,2020,Corn,70.41,perc_ct,9.597907522
new york,schoharie,2021,Corn,68.71,perc_ct,0.266136158
new york,schoharie,2015,Corn,52.98,perc_cc,4.740638154
new york,schoharie,2016,Corn,54.49,perc_cc,7.17056612
new york,schoharie,2017,Corn,97.92,perc_cc,4.589553893
new york,schoharie,2020,Corn,70.41,perc_cc,14.35885249
new york,schoharie,2021,Corn,68.71,perc_cc,6.997195213
new york,schoharie,2015,Corn,52.98,perc_nt,5.183955519
new york,schoharie,2016,Corn,54.49,perc_nt,7.230831353
new york,schoharie,2017,Corn,97.92,perc_nt,2.308601585
new york,schoharie,2020,Corn,70.41,perc_nt,0.741049752
new york,schoharie,2021,Corn,68.71,perc_nt,0.578495757
new york,schoharie,2015,Corn,52.98,perc_rt,8.977551204
new york,schoharie,2016,Corn,54.49,perc_rt,6.245684118
new york,schoharie,2017,Corn,97.92,perc_rt,8.188541947
new york,schoharie,2020,Corn,70.41,perc_rt,7.111643241
new york,schoharie,2021,Corn,68.71,perc_rt,14.11670346
new york,schuyler,2019,Soybeans,72.16,perc_ct,19.56406772
new york,schuyler,2020,Soybeans,97.09,perc_ct,11.90598386
new york,schuyler,2019,Soybeans,72.16,perc_cc,1.413179638
new york,schuyler,2020,Soybeans,97.09,perc_cc,2.539382586
new york,schuyler,2019,Soybeans,72.16,perc_nt,35.29292708
new york,schuyler,2020,Soybeans,97.09,perc_nt,49.16833009
new york,schuyler,2019,Soybeans,72.16,perc_rt,43.41439392
new york,schuyler,2020,Soybeans,97.09,perc_rt,38.92568605
new york,seneca,2021,Corn,124.67,perc_ct,13.78237152
new york,seneca,2021,Corn,124.67,perc_cc,3.230785069
new york,seneca,2021,Corn,124.67,perc_nt,43.65448804
new york,seneca,2021,Corn,124.67,perc_rt,39.09661879
new york,steuben,2015,Corn,84.95,perc_ct,13.4696021
new york,steuben,2015,Soybeans,64.97,perc_ct,9.746504715
new york,steuben,2016,Corn,83.61,perc_ct,6.444012488
new york,steuben,2016,Soybeans,69.68,perc_ct,8.988576856
new york,steuben,2017,Corn,100.09,perc_ct,6.026026218
new york,steuben,2017,Soybeans,68.63,perc_ct,18.71298743
new york,steuben,2018,Corn,124.27,perc_ct,13.09398524
new york,steuben,2018,Soybeans,79.88,perc_ct,13.83481262
new york,steuben,2019,Soybeans,75.19,perc_ct,14.6477324
new york,steuben,2020,Corn,108.03,perc_ct,14.73616315
new york,steuben,2020,Soybeans,76.3,perc_ct,14.7674105
new york,steuben,2021,Corn,91.53,perc_ct,27.36725827
new york,steuben,2021,Soybeans,88.56,perc_ct,39.86953653
new york,steuben,2015,Corn,84.95,perc_cc,1.860731893
new york,steuben,2016,Corn,83.61,perc_cc,1.570284838
new york,steuben,2016,Soybeans,69.68,perc_cc,1.194592926
new york,steuben,2017,Corn,100.09,perc_cc,3.079375463
new york,steuben,2017,Soybeans,68.63,perc_cc,2.027354592
new york,steuben,2018,Corn,124.27,perc_cc,0.12004041
new york,steuben,2019,Soybeans,75.19,perc_cc,0.4604609
new york,steuben,2020,Corn,108.03,perc_cc,9.41446299
new york,steuben,2020,Soybeans,76.3,perc_cc,4.233480345
new york,steuben,2021,Corn,91.53,perc_cc,6.154505402
new york,steuben,2021,Soybeans,88.56,perc_cc,2.84300237
new york,steuben,2015,Corn,84.95,perc_nt,35.16108333
new york,steuben,2015,Soybeans,64.97,perc_nt,22.11670542
new york,steuben,2016,Corn,83.61,perc_nt,9.970165706
new york,steuben,2016,Soybeans,69.68,perc_nt,10.30680118
new york,steuben,2017,Corn,100.09,perc_nt,29.3527167
new york,steuben,2017,Soybeans,68.63,perc_nt,22.48392762
new york,steuben,2018,Corn,124.27,perc_nt,33.45677051
new york,steuben,2018,Soybeans,79.88,perc_nt,35.15634849
new york,steuben,2019,Soybeans,75.19,perc_nt,16.37679527
new york,steuben,2020,Corn,108.03,perc_nt,26.99405648
new york,steuben,2020,Soybeans,76.3,perc_nt,30.2159171
new york,steuben,2021,Corn,91.53,perc_nt,14.56881643
new york,steuben,2021,Soybeans,88.56,perc_nt,10.20277419
new york,steuben,2015,Corn,84.95,perc_rt,47.44774097
new york,steuben,2015,Soybeans,64.97,perc_rt,64.54261102
new york,steuben,2016,Corn,83.61,perc_rt,20.075739
new york,steuben,2016,Soybeans,69.68,perc_rt,34.17573721
new york,steuben,2017,Corn,100.09,perc_rt,55.08434102
new york,steuben,2017,Soybeans,68.63,perc_rt,50.78005246
new york,steuben,2018,Corn,124.27,perc_rt,49.64822569
new york,steuben,2018,Soybeans,79.88,perc_rt,47.00407705
new york,steuben,2019,Soybeans,75.19,perc_rt,64.45359236
new york,steuben,2020,Corn,108.03,perc_rt,55.04046335
new york,steuben,2020,Soybeans,76.3,perc_rt,52.60370714
new york,steuben,2021,Corn,91.53,perc_rt,55.54250372
new york,steuben,2021,Soybeans,88.56,perc_rt,47.27659272
new york,suffolk,2019,Corn,119.67,perc_cc,39.52072547
new york,suffolk,2021,Corn,112.41,perc_cc,49.27242176
new york,sullivan,2016,Corn,54.71,perc_ct,10.4118923
new york,sullivan,2018,Corn,72.87,perc_ct,12.48627469
new york,sullivan,2020,Corn,62.34,perc_ct,31.57051515
new york,sullivan,2021,Corn,50.05,perc_ct,12.84772332
new york,sullivan,2016,Corn,54.71,perc_cc,20.99777659
new york,sullivan,2018,Corn,72.87,perc_cc,17.61028578
new york,sullivan,2020,Corn,62.34,perc_cc,4.579468271
new york,sullivan,2016,Corn,54.71,perc_nt,14.81412944
new york,sullivan,2018,Corn,72.87,perc_nt,15.77390773
new york,sullivan,2020,Corn,62.34,perc_nt,5.026000303
new york,sullivan,2021,Corn,50.05,perc_nt,19.22007836
new york,sullivan,2016,Corn,54.71,perc_rt,74.77397825
new york,sullivan,2018,Corn,72.87,perc_rt,66.37565721
new york,sullivan,2020,Corn,62.34,perc_rt,61.73381812
new york,sullivan,2021,Corn,50.05,perc_rt,66.28838357
new york,tioga,2015,Corn,79.02,perc_ct,10.12131007
new york,tioga,2016,Corn,108.64,perc_ct,22.032356
new york,tioga,2016,Soybeans,67.14,perc_ct,33.0651837
new york,tioga,2017,Corn,52.81,perc_ct,2.92633728
new york,tioga,2018,Corn,65.95,perc_ct,8.929079864
new york,tioga,2018,Soybeans,62.41,perc_ct,6.838429818
new york,tioga,2019,Soybeans,55.38,perc_ct,13.27465406
new york,tioga,2020,Soybeans,65.25,perc_ct,27.56601698
new york,tioga,2021,Corn,54.37,perc_ct,7.359124011
new york,tioga,2015,Corn,79.02,perc_cc,3.357178264
new york,tioga,2016,Corn,108.64,perc_cc,4.844981475
new york,tioga,2017,Corn,52.81,perc_cc,7.111639063
new york,tioga,2018,Corn,65.95,perc_cc,5.207555491
new york,tioga,2018,Soybeans,62.41,perc_cc,5.1361455
new york,tioga,2020,Soybeans,65.25,perc_cc,7.949906639
new york,tioga,2021,Corn,54.37,perc_cc,11.0582229
new york,tioga,2015,Corn,79.02,perc_nt,39.26089047
new york,tioga,2016,Corn,108.64,perc_nt,22.86516589
new york,tioga,2016,Soybeans,67.14,perc_nt,14.05462804
new york,tioga,2017,Corn,52.81,perc_nt,36.41911701
new york,tioga,2018,Corn,65.95,perc_nt,35.29835672
new york,tioga,2018,Soybeans,62.41,perc_nt,42.77673268
new york,tioga,2019,Soybeans,55.38,perc_nt,52.41187656
new york,tioga,2020,Soybeans,65.25,perc_nt,22.91482729
new york,tioga,2021,Corn,54.37,perc_nt,21.96310282
new york,tioga,2015,Corn,79.02,perc_rt,33.47337439
new york,tioga,2016,Corn,108.64,perc_rt,46.81411157
new york,tioga,2016,Soybeans,67.14,perc_rt,47.91037417
new york,tioga,2017,Corn,52.81,perc_rt,46.61905331
new york,tioga,2018,Corn,65.95,perc_rt,50.33339369
new york,tioga,2018,Soybeans,62.41,perc_rt,50.3848375
new york,tioga,2019,Soybeans,55.38,perc_rt,31.06186203
new york,tioga,2020,Soybeans,65.25,perc_rt,49.51915572
new york,tioga,2021,Corn,54.37,perc_rt,57.7923327
new york,tompkins,2015,Corn,111.67,perc_ct,5.256193396
new york,tompkins,2015,Soybeans,83.83,perc_ct,2.111566769
new york,tompkins,2016,Corn,121.74,perc_ct,24.82363105
new york,tompkins,2016,Soybeans,79.19,perc_ct,8.970727931
new york,tompkins,2017,Corn,84.45,perc_ct,6.230326028
new york,tompkins,2017,Soybeans,85.35,perc_ct,4.43722652
new york,tompkins,2018,Corn,94.91,perc_ct,10.34680081
new york,tompkins,2018,Soybeans,86.55,perc_ct,8.183190638
new york,tompkins,2019,Soybeans,97.32,perc_ct,13.04455656
new york,tompkins,2020,Corn,88.03,perc_ct,21.5036216
new york,tompkins,2020,Soybeans,84.27,perc_ct,13.33730052
new york,tompkins,2021,Corn,77.92,perc_ct,12.05510404
new york,tompkins,2021,Soybeans,100.49,perc_ct,9.085955637
new york,tompkins,2015,Corn,111.67,perc_cc,7.397722409
new york,tompkins,2015,Soybeans,83.83,perc_cc,2.057260403
new york,tompkins,2016,Corn,121.74,perc_cc,3.376400908
new york,tompkins,2016,Soybeans,79.19,perc_cc,2.704513582
new york,tompkins,2017,Corn,84.45,perc_cc,20.9470694
new york,tompkins,2017,Soybeans,85.35,perc_cc,16.59375741
new york,tompkins,2018,Corn,94.91,perc_cc,6.375584542
new york,tompkins,2018,Soybeans,86.55,perc_cc,1.52937827
new york,tompkins,2019,Soybeans,97.32,perc_cc,7.821181535
new york,tompkins,2020,Corn,88.03,perc_cc,11.15323146
new york,tompkins,2020,Soybeans,84.27,perc_cc,5.711456786
new york,tompkins,2021,Corn,77.92,perc_cc,7.454378651
new york,tompkins,2021,Soybeans,100.49,perc_cc,0.873230794
new york,tompkins,2015,Corn,111.67,perc_nt,40.17750543
new york,tompkins,2015,Soybeans,83.83,perc_nt,41.93399732
new york,tompkins,2016,Corn,121.74,perc_nt,19.07922199
new york,tompkins,2016,Soybeans,79.19,perc_nt,18.90360507
new york,tompkins,2017,Corn,84.45,perc_nt,43.42600189
new york,tompkins,2017,Soybeans,85.35,perc_nt,47.81798543
new york,tompkins,2018,Corn,94.91,perc_nt,34.38588797
new york,tompkins,2018,Soybeans,86.55,perc_nt,45.99930403
new york,tompkins,2019,Soybeans,97.32,perc_nt,15.46584391
new york,tompkins,2020,Corn,88.03,perc_nt,29.62341395
new york,tompkins,2020,Soybeans,84.27,perc_nt,52.35411747
new york,tompkins,2021,Corn,77.92,perc_nt,29.51569764
new york,tompkins,2021,Soybeans,100.49,perc_nt,26.95164433
new york,tompkins,2015,Corn,111.67,perc_rt,50.57201789
new york,tompkins,2015,Soybeans,83.83,perc_rt,52.15801997
new york,tompkins,2016,Corn,121.74,perc_rt,45.68695701
new york,tompkins,2016,Soybeans,79.19,perc_rt,70.27911661
new york,tompkins,2017,Corn,84.45,perc_rt,37.64787242
new york,tompkins,2017,Soybeans,85.35,perc_rt,42.60007925
new york,tompkins,2018,Corn,94.91,perc_rt,53.50046477
new york,tompkins,2018,Soybeans,86.55,perc_rt,44.66587779
new york,tompkins,2019,Soybeans,97.32,perc_rt,70.27522991
new york,tompkins,2020,Corn,88.03,perc_rt,46.84429547
new york,tompkins,2020,Soybeans,84.27,perc_rt,32.2701292
new york,tompkins,2021,Corn,77.92,perc_rt,56.21349996
new york,tompkins,2021,Soybeans,100.49,perc_rt,62.10291276
new york,ulster,2016,Corn,118.83,perc_cc,3.074026684
new york,ulster,2021,Corn,114.64,perc_cc,10.35987628
new york,washington,2016,Corn,52.41,perc_cc,13.98423775
new york,washington,2017,Corn,59.37,perc_cc,4.39787163
new york,washington,2018,Corn,100.12,perc_cc,17.31707636
new york,washington,2019,Corn,64.72,perc_cc,17.44087776
new york,washington,2020,Corn,63.88,perc_cc,19.11637753
new york,washington,2021,Corn,56.28,perc_cc,31.18323993
new york,wyoming,2015,Corn,53.19,perc_ct,10.32816611
new york,wyoming,2015,Soybeans,77.59,perc_ct,1.075118344
new york,wyoming,2017,Corn,80.73,perc_ct,2.010104475
new york,wyoming,2017,Soybeans,76.42,perc_ct,0.884413502
new york,wyoming,2018,Corn,93.09,perc_ct,5.970734038
new york,wyoming,2018,Soybeans,101.98,perc_ct,3.437321684
new york,wyoming,2019,Corn,109.9,perc_ct,0.956569661
new york,wyoming,2020,Corn,90.68,perc_ct,4.241572353
new york,wyoming,2020,Soybeans,100.12,perc_ct,0.514059982
new york,wyoming,2021,Corn,72.58,perc_ct,13.23012347
new york,wyoming,2021,Soybeans,101.49,perc_ct,5.736348601
new york,wyoming,2015,Corn,53.19,perc_cc,4.457163051
new york,wyoming,2015,Soybeans,77.59,perc_cc,0.718470215
new york,wyoming,2016,Corn,60.51,perc_cc,8.826845668
new york,wyoming,2016,Soybeans,85.37,perc_cc,6.241657147
new york,wyoming,2017,Corn,80.73,perc_cc,9.809444588
new york,wyoming,2017,Soybeans,76.42,perc_cc,10.83429298
new york,wyoming,2018,Corn,93.09,perc_cc,6.200587725
new york,wyoming,2018,Soybeans,101.98,perc_cc,1.790063205
new york,wyoming,2019,Corn,109.9,perc_cc,5.406657397
new york,wyoming,2019,Soybeans,98.8,perc_cc,0.965224363
new york,wyoming,2020,Corn,90.68,perc_cc,2.982043432
new york,wyoming,2020,Soybeans,100.12,perc_cc,3.375891266
new york,wyoming,2021,Corn,72.58,perc_cc,13.51339593
new york,wyoming,2021,Soybeans,101.49,perc_cc,5.175984744
new york,wyoming,2015,Corn,53.19,perc_nt,33.87046341
new york,wyoming,2015,Soybeans,77.59,perc_nt,25.43608896
new york,wyoming,2017,Corn,80.73,perc_nt,59.96235483
new york,wyoming,2017,Soybeans,76.42,perc_nt,51.56370503
new york,wyoming,2018,Corn,93.09,perc_nt,46.62509344
new york,wyoming,2018,Soybeans,101.98,perc_nt,56.12458836
new york,wyoming,2019,Corn,109.9,perc_nt,36.92512055
new york,wyoming,2019,Soybeans,98.8,perc_nt,41.21689092
new york,wyoming,2020,Corn,90.68,perc_nt,24.15366481
new york,wyoming,2020,Soybeans,100.12,perc_nt,37.59029868
new york,wyoming,2021,Corn,72.58,perc_nt,19.55415802
new york,wyoming,2021,Soybeans,101.49,perc_nt,13.70313364
new york,wyoming,2015,Corn,53.19,perc_rt,52.67363293
new york,wyoming,2015,Soybeans,77.59,perc_rt,68.33943327
new york,wyoming,2017,Corn,80.73,perc_rt,33.36321283
new york,wyoming,2017,Soybeans,76.42,perc_rt,46.99375992
new york,wyoming,2018,Corn,93.09,perc_rt,45.28187031
new york,wyoming,2018,Soybeans,101.98,perc_rt,34.42448942
new york,wyoming,2019,Corn,109.9,perc_rt,52.90188355
new york,wyoming,2019,Soybeans,98.8,perc_rt,36.99790633
new york,wyoming,2020,Corn,90.68,perc_rt,66.37363064
new york,wyoming,2020,Soybeans,100.12,perc_rt,55.18199968
new york,wyoming,2021,Corn,72.58,perc_rt,64.59871195
new york,wyoming,2021,Soybeans,101.49,perc_rt,79.60565745
new york,bronx,2018,Corn,,perc_rt,
new york,queens,2018,Corn,,perc_rt,
new york,richmond,2018,Corn,,perc_rt,
new york,bronx,2018,Corn,,perc_nt,
new york,queens,2018,Corn,,perc_nt,
new york,richmond,2018,Corn,,perc_nt,
new york,bronx,2018,Corn,,perc_ct,
new york,queens,2018,Corn,,perc_ct,
new york,richmond,2018,Corn,,perc_ct,
