Year,Crop,FIPS,State,County,Total transects,Avg. soil loss (ton/ac),Avg. soil loss if all fields conventionally tilled (ton/ac),No till no.  transects,No-till % acres,No-till avg. soil loss (ton/ac),Mulch till no.  transects,Mulch till % acres,Mulch till avg. soil loss (ton/ac),Reduced till no.  transects,Reduced till % acres,Reduced till avg. soil loss (ton/ac),Conventional till no.  transects,Conventional till % acres,Conventional till avg. soil loss (ton/ac)
2015,corn,1,illinois,adams,368,7.1,7.3,0,0,0,5,1.4,2.1,24,6.5,3.6,339,92.1,7.4
2015,soybean,1,illinois,adams,271,2.3,5.4,27,9.6,0.6,148,54.6,1.7,76,27.7,3,20,7.4,6.2
2018,corn,1,illinois,adams,330,4.57,8.23,24,7.3,1.13,78,23.6,2.06,192,58.2,4.72,36,10.9,11.44
2018,soybean,1,illinois,adams,325,1.22,5.4,112,34.5,0.62,192,59.1,1.24,14,4.3,3.31,7,2.2,6.12
2017,corn,1,illinois,adams,363,4.76,8.42,8,2.2,1.5,56,15.4,2.09,282,77.7,5.06,17,4.7,10.02
2017,soybean,1,illinois,adams,292,1.81,5.28,107,36.6,0.64,110,37.7,1.33,56,19.2,3.21,19,6.5,7.13
2015,corn,3,illinois,alexander,21,5.7,5.8,0,0,0,1,4.8,3.2,0,0,0,20,95.2,5.9
2015,soybean,3,illinois,alexander,98,2.8,4.4,37,37.8,1.2,1,1,0.8,4,4.1,3.6,56,57.1,3.9
2018,corn,3,illinois,alexander,30,5.65,5.68,0,0,NA,0,0,NA,1,3.3,3.29,29,96.7,5.74
2018,soybean,3,illinois,alexander,96,4.17,5.69,28,29.2,1.79,2,2.1,1.27,2,2.1,1.58,64,66.7,5.38
2017,corn,3,illinois,alexander,21,7.67,7.75,1,4.8,3.17,0,0,NA,0,0,NA,20,95.2,7.89
2017,soybean,3,illinois,alexander,104,2.22,4.35,54,51.9,1,1,1,0.99,6,5.8,1.92,43,41.3,3.83
2015,corn,5,illinois,bond,175,6,6.1,1,0.6,1.9,1,0.6,0.9,0,0,0,173,98.9,6.1
2015,soybean,5,illinois,bond,181,1.5,3.6,69,38.1,0.5,64,35.4,1.3,11,6.1,1.7,37,20.4,3.7
2018,corn,5,illinois,bond,161,3.45,5.65,1,0.6,0.26,37,23,1.51,77,47.8,3.34,46,28.6,5.25
2018,soybean,5,illinois,bond,183,1.15,4.19,34,18.6,0.52,121,66.1,0.98,22,12,2.46,6,3.3,3.44
2017,corn,5,illinois,bond,186,2.17,6.17,3,1.6,0.37,122,65.6,1.55,60,32.3,3.4,1,0.5,8.91
2017,soybean,5,illinois,bond,159,1.38,3.86,32,20.1,0.54,108,67.9,1.43,18,11.3,2.32,1,0.6,6.94
2015,corn,7,illinois,boone,258,2.9,3.9,13,5,0.5,72,27.9,1.3,58,22.5,2.5,115,44.6,4.4
2015,soybean,7,illinois,boone,171,1,2.8,63,36.8,0.4,59,34.5,1,41,24,1.1,8,4.7,6.1
2018,corn,7,illinois,boone,251,2.84,3.5,9,3.6,0.31,38,15.1,1.26,47,18.7,2.46,157,62.5,3.48
2018,soybean,7,illinois,boone,176,1.36,3.17,44,25,0.27,82,46.6,1.3,31,17.6,2.14,19,10.8,2.87
2017,corn,7,illinois,boone,224,3.6,4.01,7,3.1,0.95,24,10.7,1.12,15,6.7,1.78,178,79.5,4.19
2017,soybean,7,illinois,boone,202,1.37,2.71,48,23.8,0.3,52,25.7,1.23,46,22.8,1.46,56,27.7,2.36
2015,corn,9,illinois,brown,246,5.6,8,22,9,1,56,23,1.8,59,24,4.4,109,44,9.1
2015,soybean,9,illinois,brown,175,1.4,4.6,55,31,0.5,85,49,0.9,22,13,2.3,13,7,6.4
2018,corn,9,illinois,brown,188,6.22,8.01,13,6.9,1.46,9,4.8,1.44,70,37.2,3.82,96,51.1,9.07
2018,soybean,9,illinois,brown,224,1.79,5.23,78,34.8,0.63,64,28.6,1.42,57,25.4,2.32,25,11.2,5.12
2017,corn,9,illinois,brown,208,6.31,8.48,32,15.4,0.99,12,5.8,2.26,43,20.7,4.02,121,58.2,8.93
2017,soybean,9,illinois,brown,205,2.37,5.13,66,32.2,0.56,61,29.8,1.04,34,16.6,2.7,44,21.5,6.65
2015,corn,11,illinois,bureau,328,1.6,3,8,2.4,0.8,155,47.3,1,140,42.7,2,25,7.6,3.2
2015,soybean,11,illinois,bureau,184,0.7,2.6,69,37.5,0.5,92,50,0.7,21,11.4,1.6,2,1.1,2.7
2018,corn,11,illinois,bureau,322,1.68,3.07,11,3.4,0.97,134,41.6,1.17,116,36,1.78,61,18.9,2.72
2018,soybean,11,illinois,bureau,189,0.87,2.68,37,19.6,0.53,124,65.6,0.73,21,11.1,1.49,7,3.7,3.41
2017,corn,11,illinois,bureau,338,1.83,3.06,7,2.1,0.48,130,38.5,0.92,145,42.9,2.11,56,16.6,3.41
2017,soybean,11,illinois,bureau,178,0.87,2.64,70,39.3,0.5,75,42.1,0.63,29,16.3,1.9,4,2.2,4.34
2015,corn,13,illinois,calhoun,120,4.1,11.1,54,45,3.8,4,3.3,1.7,59,49.2,4.6,3,2.5,2.7
2015,soybean,13,illinois,calhoun,64,1.9,5.3,54,84.4,1.8,2,3.1,0.6,8,12.5,2.2,0,0,0
2018,corn,13,illinois,calhoun,91,5.88,10.83,20,22,2.53,16,17.6,3.48,30,33,5.87,25,27.5,10.11
2018,soybean,13,illinois,calhoun,138,3.28,8.82,63,45.7,0.88,36,26.1,2.3,18,13,3.91,21,15.2,11.63
2017,corn,13,illinois,calhoun,125,5.23,10.76,40,32,1.56,13,10.4,4.26,17,13.6,3.41,55,44,8.69
2017,soybean,13,illinois,calhoun,94,3.44,9.44,43,45.7,0.85,22,23.4,1.26,14,14.9,6.1,15,16,11.6
2015,corn,15,illinois,carroll,370,3.4,6.7,36,9.7,3.1,237,64.1,2.7,82,22.2,4.7,15,4.1,6.9
2015,soybean,15,illinois,carroll,114,2.1,6.2,48,42.1,1.5,52,45.6,2.1,14,12.3,3.8,0,0,0
2018,corn,15,illinois,carroll,369,3.47,6.87,38,10.3,3.64,236,64,2.68,77,20.9,5.7,18,4.9,4.03
2018,soybean,15,illinois,carroll,116,1.78,6.3,45,38.8,0.79,64,55.2,2.3,6,5.2,3.15,1,0.9,5.39
2017,corn,15,illinois,carroll,389,3.8,7.03,44,11.3,3.23,151,38.8,2.66,193,49.6,4.81,1,0.3,5.38
2017,soybean,15,illinois,carroll,104,2.27,6.6,53,51,1.4,33,31.7,2.52,18,17.3,4.37,0,0,NA
2015,corn,17,illinois,cass,307,1.4,7.1,56,18,0.8,226,74,1.5,25,8,2.3,0,0,0
2015,soybean,17,illinois,cass,214,1.1,5.9,108,50,0.8,96,45,1.3,10,5,1.9,0,0,0
2018,corn,17,illinois,cass,286,2.33,6.91,144,50.3,2.08,53,18.5,1.57,89,31.1,3.21,0,0,NA
2018,soybean,17,illinois,cass,218,1.21,6.53,116,53.2,0.93,101,46.3,1.53,1,0.5,2.23,0,0,NA
2017,corn,17,illinois,cass,308,1.96,7.06,150,48.7,1.87,107,34.7,1.27,39,12.7,3.63,12,3.9,3.67
2017,soybean,17,illinois,cass,207,1.74,6.25,112,54.1,1.6,82,39.6,1.8,13,6.3,2.61,0,0,NA
2015,corn,19,illinois,champaign,296,3.1,3.5,5,2,0.3,29,10,0.6,40,13,2.4,222,75,3.6
2015,soybean,19,illinois,champaign,275,0.6,1.8,70,25,0.1,113,41,0.5,69,25,0.9,23,8,2.2
2018,corn,19,illinois,champaign,359,3.24,3.33,1,0.3,0.19,2,0.6,0.61,20,5.6,1.98,336,93.6,3.34
2018,soybean,19,illinois,champaign,401,1.07,2.24,95,23.7,0.16,57,14.2,0.6,167,41.6,1.14,82,20.4,2.32
2017,corn,19,illinois,champaign,289,3.18,3.41,1,0.3,0.14,14,4.8,0.54,33,11.4,2,241,83.4,3.5
2017,soybean,19,illinois,champaign,288,0.72,1.91,63,21.9,0.12,118,41,0.46,68,23.6,0.89,39,13.5,2.17
2015,corn,21,illinois,christian,252,3.2,4,3,1,0.9,1,0,1.3,145,58,2.5,103,41,4.3
2015,soybean,21,illinois,christian,213,1.7,3,18,8,0.3,9,4,0.4,179,84,1.8,7,3,2.7
2018,corn,21,illinois,christian,257,4.22,4.27,0,0,NA,1,0.4,0.7,3,0,4.79,253,98.4,4.23
2018,soybean,21,illinois,christian,218,1.99,3.42,6,2.8,0.18,22,10.1,0.92,190,87.2,2.18,0,0,NA
2017,corn,21,illinois,christian,252,3.86,4.07,2,0.8,0.19,1,0.4,0.52,23,9.1,3.22,226,89.7,3.98
2017,soybean,21,illinois,christian,213,1.83,3.13,15,7,0.75,18,8.5,0.92,164,77,1.87,16,7.5,3.42
2015,corn,23,illinois,clark,222,3.7,3.8,0,0,0,2,1,0.5,16,7,1.8,204,92,3.8
2015,soybean,23,illinois,clark,241,1.2,2.2,25,10,0.3,48,20,0.8,128,53,1.1,40,17,2.2
2018,corn,23,illinois,clark,220,3.25,3.35,2,0.9,1.68,3,1.4,0.57,8,3.6,1.57,207,94.1,3.36
2018,soybean,23,illinois,clark,241,2.12,3.51,21,8.7,0.69,60,24.9,1.32,110,45.6,1.99,50,20.7,3.98
2017,corn,23,illinois,clark,217,3.74,3.74,0,0,NA,0,0,NA,0,0,NA,217,100,3.74
2017,soybean,23,illinois,clark,245,1.52,2.25,19,7.8,0.26,29,11.8,1.16,99,40.4,1.09,98,40,2.3
2015,corn,25,illinois,clay,266,5,6.9,15,5.6,1.5,45,16.9,2.5,32,12,6.2,174,65.4,5.7
2015,soybean,25,illinois,clay,334,1.5,4.2,114,34.1,0.7,125,37.4,1.4,42,12.6,1.7,53,15.9,3.4
2018,corn,25,illinois,clay,221,5.08,6.34,11,5,0.93,32,14.5,2.08,22,10,4.42,156,70.6,6.08
2018,soybean,25,illinois,clay,343,2.2,5,158,46.1,0.8,101,29.4,2.06,15,4.4,2.38,69,20.1,5.58
2017,corn,25,illinois,clay,237,6.16,7.44,11,4.6,0.96,25,10.5,3.15,13,5.5,5.63,188,79.3,6.91
2017,soybean,25,illinois,clay,366,2.58,4.5,101,27.6,0.92,86,23.5,1.31,38,10.4,2.23,141,38.5,4.64
2015,corn,27,illinois,clinton,285,4,4.6,6,2.1,0.8,30,10.5,1.5,29,10.2,2.5,220,77.2,4.6
2015,soybean,27,illinois,clinton,266,1.7,2.9,80,29.7,0.3,46,17.3,1,18,6.8,1.7,122,45.9,2.9
2018,corn,27,illinois,clinton,305,4.46,4.61,10,3.3,0.87,3,1,0.79,1,0.3,3.74,291,95.4,4.62
2018,soybean,27,illinois,clinton,255,3.18,3.92,42,16.5,0.43,30,11.8,1.45,3,1.2,2.24,180,70.6,4.13
2017,corn,27,illinois,clinton,302,4.69,4.86,5,1.7,0.45,5,1.7,1.63,4,1.3,3.36,288,95.4,4.84
2017,soybean,27,illinois,clinton,232,2.85,3.39,30,12.9,0.53,11,4.7,0.98,9,3.9,1.16,182,78.4,3.43
2015,corn,29,illinois,coles,242,4.5,4.5,1,0.4,0.1,0,0,0,10,4.1,1.5,231,95.5,4.6
2015,soybean,29,illinois,coles,242,1.3,2.6,33,14,0.3,85,35,0.8,77,32,1.3,47,19,3.1
2018,corn,29,illinois,coles,269,4.35,4.7,0,0,NA,7,2.6,1.09,57,21.2,2.64,205,76.2,4.93
2018,soybean,29,illinois,coles,269,2.08,3.98,29,10.8,0.42,103,38.3,1.09,93,34.6,2.48,44,16.4,4.65
2017,corn,29,illinois,coles,272,4.27,4.39,0,0,NA,3,1.1,1.07,15,5.5,2.49,254,93.4,4.42
2017,soybean,29,illinois,coles,279,2.68,4.05,24,8.6,0.38,60,21.5,1.06,98,35.1,2.53,97,34.8,4.41
2015,corn,31,illinois,cook,NA,NA,NA,NA,NA,NA,NA,NA,NA,NA,NA,NA,NA,NA,NA
2015,soybean,31,illinois,cook,NA,NA,NA,NA,NA,NA,NA,NA,NA,NA,NA,NA,NA,NA,NA
2018,corn,31,illinois,cook,NA,NA,NA,NA,NA,NA,NA,NA,NA,NA,NA,NA,NA,NA,NA
2018,soybean,31,illinois,cook,NA,NA,NA,NA,NA,NA,NA,NA,NA,NA,NA,NA,NA,NA,NA
2017,corn,31,illinois,cook,NA,NA,NA,NA,NA,NA,NA,NA,NA,NA,NA,NA,NA,NA,NA
2017,soybean,31,illinois,cook,NA,NA,NA,NA,#VALUE!,NA,NA,#VALUE!,NA,NA,#VALUE!,NA,NA,#VALUE!,NA
2015,corn,33,illinois,crawford,264,7.4,7.9,3,1.1,1.2,8,3,1.8,25,9.5,3.8,228,86.4,8.1
2015,soybean,33,illinois,crawford,254,2.9,4.6,40,15.7,0.4,51,20.1,1.1,60,23.6,2.9,103,40.6,4.8
2018,corn,33,illinois,crawford,252,5.87,7.76,0,0,NA,76,30.2,1.87,24,9.5,3.98,152,60.3,8.17
2018,soybean,33,illinois,crawford,275,2.8,5.08,44,16,0.88,32,11.6,1.44,127,46.2,3.14,72,26.2,3.98
2017,corn,33,illinois,crawford,269,7.26,7.77,0,0,NA,14,5.2,1.51,30,11.2,3.81,225,83.6,8.08
2017,soybean,33,illinois,crawford,247,2.66,4.38,44,17.8,0.4,51,20.6,1.09,59,23.9,2.78,93,37.7,4.52
2015,corn,35,illinois,cumberland,276,3.4,3.6,9,3,0.5,5,2,0.8,10,4,3.5,252,91,3.5
2015,soybean,35,illinois,cumberland,311,1.1,2.4,28,9,0.3,110,35.4,0.6,119,38.3,1.4,54,17.4,2
2018,corn,35,illinois,cumberland,257,3.06,3.31,15,5.8,0.41,3,1.2,0.9,10,3.9,1.83,229,89.1,3.32
2018,soybean,35,illinois,cumberland,319,1.99,3.47,51,16,0.4,79,24.8,0.84,97,30.4,2.03,92,28.8,3.82
2017,corn,35,illinois,cumberland,248,3.35,3.52,7,2.8,0.28,5,2,1.03,5,2,3.59,231,93.1,3.49
2017,soybean,35,illinois,cumberland,335,1.79,2.49,41,12.2,0.25,35,10.4,0.88,71,21.2,1.33,188,56.1,2.46
2015,corn,37,illinois,de kalb,281,2.7,3.9,10,3.6,0.9,98,34.9,1.5,67,23.8,2.5,106,37.7,4.3
2015,soybean,37,illinois,de kalb,160,1.4,3.3,24,15,0.6,99,62,1.1,29,18,1.9,8,5,5
2018,corn,37,illinois,de kalb,305,3.08,3.94,17,5.6,0.83,51,16.7,1.18,92,30.2,2.53,145,47.5,4.36
2018,soybean,37,illinois,de kalb,148,1.37,3.46,33,22.3,0.7,73,49.3,1.24,36,24.3,1.86,6,4.1,3.68
2017,corn,37,illinois,de kalb,274,3.24,4.05,9,3.3,1.2,50,18.2,1.37,82,29.9,2.19,133,48.5,4.73
2017,soybean,37,illinois,de kalb,168,1.52,3.25,37,22,0.63,43,25.6,1.39,66,39.3,1.57,22,13.1,3.13
2015,corn,39,illinois,de witt,275,1.6,4.5,7,2.5,0.6,202,73.5,0.7,37,13.5,3.5,29,10.5,5.4
2015,soybean,39,illinois,de witt,304,0.6,3.3,103,33.9,0.5,188,61.8,0.5,7,2.3,1.5,6,2,5.6
2018,corn,39,illinois,de witt,321,4,4.61,1,0.3,0.5,20,6.2,1.54,27,8.4,3.34,273,85,4.26
2018,soybean,39,illinois,de witt,324,1.52,3.58,48,14.8,0.44,134,41.4,0.94,112,34.6,1.77,30,9.3,4.9
2017,corn,39,illinois,de witt,260,2.42,4.24,27,10.4,0.4,69,26.5,0.62,100,38.5,3.05,64,24.6,4.23
2017,soybean,39,illinois,de witt,324,0.93,3.44,123,38,0.46,158,48.8,0.82,25,7.7,2.06,18,5.6,3.49
2015,corn,41,illinois,douglas,264,2.7,2.7,4,2,0.8,1,0,0.5,10,4,1.6,249,94,2.8
2015,soybean,41,illinois,douglas,224,1.2,2,26,11.6,0.2,43,19.2,0.5,93,41.5,1.1,62,27.7,2.4
2018,corn,41,illinois,douglas,227,2.42,2.52,1,0.4,0.2,8,3.5,0.77,7,3.1,1.87,211,93,2.51
2018,soybean,41,illinois,douglas,260,1.25,2.37,30,11.5,0.23,49,18.8,0.97,151,58.1,1.34,30,11.5,2.28
2017,corn,41,illinois,douglas,259,2.74,2.84,3,1.2,0.8,2,0.8,1.52,20,7.7,1.31,234,90.3,2.89
2017,soybean,41,illinois,douglas,228,1.41,2.12,17,7.5,0.18,30,13.2,0.7,89,39,1.33,92,40.4,1.94
2018,corn,43,illinois,du page,NA,NA,NA,NA,NA,NA,NA,NA,NA,NA,NA,NA,NA,NA,NA
2018,soybean,43,illinois,du page,NA,,,,0,,,0,,,0,,,0,
2015,corn,45,illinois,edgar,224,4.7,5.2,6,3,0.4,16,7,1.5,29,13,2.7,173,77,5.5
2015,soybean,45,illinois,edgar,227,1.7,4.2,76,33,0.4,61,27,1,34,15,2,56,25,4.2
2018,corn,45,illinois,edgar,228,3.66,4.42,23,10.1,0.67,13,5.7,1.61,12,5.3,1.77,180,78.9,4.32
2018,soybean,45,illinois,edgar,225,1.3,4.79,95,42.2,0.36,75,33.3,1.13,28,12.4,2.11,27,12,4.21
2017,corn,45,illinois,edgar,212,4.34,5.27,18,8.5,0.44,14,6.6,1.28,43,20.3,2.91,137,64.6,5.62
2017,soybean,45,illinois,edgar,230,1.02,3.92,111,48.3,0.33,55,23.9,0.92,40,17.4,2.01,24,10.4,2.77
2015,corn,47,illinois,edwards,196,6.2,11.9,79,40.3,2.2,21,10.7,3.7,12,6.1,7.7,84,42.9,10.4
2015,soybean,47,illinois,edwards,181,1.9,7.6,144,79.6,1.1,21,11.6,2,4,2.2,3.4,12,6.6,10.8
2018,corn,47,illinois,edwards,180,7.02,12.09,59,32.8,1.68,18,10,2.64,18,10,6.99,85,47.2,11.65
2018,soybean,47,illinois,edwards,204,1.77,7.25,145,71.1,1,30,14.7,2.98,13,6.4,3.11,16,7.8,5.43
2017,corn,47,illinois,edwards,193,4.53,12.16,73,37.8,2.83,27,14,4.11,76,39.4,5.67,17,8.8,7.35
2017,soybean,47,illinois,edwards,192,2.04,7.95,108,56.3,1.3,35,18.2,2.51,37,19.3,2.99,12,6.3,4.46
2015,corn,49,illinois,effingham,249,2.9,3,0,0,0,8,3.2,0.8,7,2.8,1.1,234,94,3
2015,soybean,49,illinois,effingham,295,1.1,1.9,46,15.6,0.2,81,27.5,0.7,81,27.5,1.2,87,29.5,2
2018,corn,49,illinois,effingham,223,2.39,2.45,2,0.9,0.15,3,1.3,0.51,7,3.1,1.15,211,94.6,2.48
2018,soybean,49,illinois,effingham,316,1.29,2.36,58,18.4,0.33,65,20.6,0.83,100,31.6,0.93,93,29.4,2.6
2017,corn,49,illinois,effingham,228,2.62,2.69,1,0.4,0.18,2,0.9,0.46,2,0.9,8.15,223,97.8,2.6
2017,soybean,49,illinois,effingham,309,1.57,2.07,37,12,0.21,52,16.8,0.89,29,9.4,1.38,191,61.8,2.05
2015,corn,51,illinois,fayette,311,5,5.2,2,0.6,1.7,10,3.2,1.5,5,1.6,3.9,294,94.5,5.1
2015,soybean,51,illinois,fayette,386,1.6,2.6,56,14.5,1,116,30.1,1.1,109,28.2,1.3,105,27.2,2.7
2018,corn,51,illinois,fayette,285,3.79,4.05,8,2.8,1.3,4,1.4,1.07,7,2.5,3.13,266,93.3,3.92
2018,soybean,51,illinois,fayette,427,1.73,3.16,92,21.5,0.57,109,25.5,0.96,98,23,1.46,128,30,3.43
2017,corn,51,illinois,fayette,321,4.6,4.66,3,0.9,0.9,1,0.3,0.64,1,0.3,3.72,316,98.4,4.65
2017,soybean,51,illinois,fayette,406,1.96,2.57,72,17.7,0.75,54,13.3,0.98,38,9.4,1.69,242,59.6,2.59
2015,corn,53,illinois,ford,308,3.3,4,29,9.4,0.6,21,6.8,1.4,52,16.9,2.1,206,66.9,4.2
2015,soybean,53,illinois,ford,305,0.8,2.4,109,35.7,0.2,128,42,0.9,55,18,1.5,13,4.3,2.3
2018,corn,53,illinois,ford,324,3.45,3.54,2,0.6,1.22,3,0.9,0.39,10,3.1,2.46,309,95.4,3.53
2018,soybean,53,illinois,ford,318,1.6,2.71,85,26.7,0.29,34,10.7,0.66,107,33.6,1.45,92,28.9,3.32
2017,corn,53,illinois,ford,327,3.55,3.77,13,4,0.36,11,3.4,0.84,20,6.1,2.21,283,86.5,3.9
2017,soybean,53,illinois,ford,300,0.8,2.08,103,34.3,0.17,86,28.7,0.51,68,22.7,1.05,43,14.3,2.5
2015,corn,55,illinois,franklin,160,8,9.2,0,0,0,11,6.9,1.5,28,17.5,6.5,121,75.6,8.9
2015,soybean,55,illinois,franklin,181,3.7,6.5,0,0,0,71,39.2,1.3,54,29.8,2.8,56,30.9,7.5
2018,corn,55,illinois,franklin,95,8.43,10.54,8,8.4,2.55,5,5.3,3.45,27,28.4,5.42,55,57.9,11.21
2018,soybean,55,illinois,franklin,263,3.42,8.54,141,53.6,2.01,66,25.1,2.36,33,12.5,6.74,23,8.7,10.39
2017,corn,55,illinois,franklin,137,7.16,9.24,9,6.6,2.48,8,5.8,2.79,41,29.9,5.89,79,57.7,8.8
2017,soybean,55,illinois,franklin,258,4.64,8.77,58,22.5,2.38,80,31,2.37,64,24.8,4.66,56,21.7,10.21
2015,corn,57,illinois,fulton,314,4.4,7.7,39,12.4,1.7,72,22.9,1.6,147,46.8,5.2,56,17.8,7.6
2015,soybean,57,illinois,fulton,247,1.2,4.7,147,59.5,0.5,55,22.3,1.5,35,14.2,2.4,10,4,5.2
2018,corn,57,illinois,fulton,303,3.66,6.94,31,10.2,1.13,52,17.2,1.86,219,72.3,4.44,1,0.3,4.33
2018,soybean,57,illinois,fulton,257,1.06,5.28,167,65,0.68,52,20.2,1.27,35,13.6,2.26,3,1.2,4.57
2017,corn,57,illinois,fulton,300,4.08,7.47,19,6.3,1.52,43,14.3,1.74,233,77.7,4.72,5,1.7,4.24
2017,soybean,57,illinois,fulton,259,1.27,4.72,138,53.3,0.65,67,25.9,1.5,52,20.1,2.46,2,0.8,5.3
2015,corn,59,illinois,gallatin,242,5,6,9,3.7,1.9,6,2.5,4.5,122,50.4,4.7,105,43.4,5.8
2015,soybean,59,illinois,gallatin,188,2.6,4.9,36,19.1,0.8,8,4.3,1.5,118,62.8,2.6,26,13.8,5.7
2018,corn,59,illinois,gallatin,181,4.81,5.86,9,5,1.91,25,13.8,5.17,11,6.1,4.1,136,75.1,5
2018,soybean,59,illinois,gallatin,243,2.39,4.48,74,30.5,0.55,27,11.1,1.72,32,13.2,2.34,110,45.3,3.8
2017,corn,59,illinois,gallatin,197,4.14,6,55,27.9,1.71,1,0.5,0.83,71,36,4.26,70,35.5,5.98
2017,soybean,59,illinois,gallatin,226,2.59,4.93,34,15,0.65,4,1.8,1.26,160,70.8,2.95,28,12.4,3.1
2015,corn,61,illinois,greene,314,4.9,6.3,41,13.1,1.1,45,14.3,2.2,0,0,0,228,72.6,6.1
2015,soybean,61,illinois,greene,278,1.3,5.5,171,61.5,0.6,88,31.7,2,2,0.7,4.9,17,6.1,4.4
2018,corn,61,illinois,greene,318,5.27,5.99,38,11.9,1.48,6,1.9,1.71,0,0,NA,274,86.2,5.88
2018,soybean,61,illinois,greene,302,1.5,4.56,152,50.3,0.75,98,32.5,1.14,10,3.3,3.77,42,13.9,4.49
2017,corn,61,illinois,greene,334,5.92,7.02,51,15.3,2.4,0,0,NA,11,3.3,2.19,272,81.4,6.73
2017,soybean,61,illinois,greene,289,1.82,3.71,145,50.2,0.59,15,5.2,1.56,24,8.3,1.79,105,36.3,3.56
2015,corn,63,illinois,grundy,263,1.6,2.4,45,17.1,0.4,34,12.9,0.7,65,24.7,1.6,119,45.2,2.4
2015,soybean,63,illinois,grundy,206,0.7,1.8,107,51.9,0.2,40,19.4,0.6,50,24.3,1.2,9,4.4,4.1
2018,corn,63,illinois,grundy,221,1.95,2.32,25,11.3,0.52,21,9.5,0.71,21,9.5,1.45,154,69.7,2.42
2018,soybean,63,illinois,grundy,243,0.76,2,116,47.7,0.23,75,30.9,0.68,39,16,1.36,13,5.3,4.1
2017,corn,63,illinois,grundy,237,1.93,2.36,29,12.2,0.39,17,7.2,0.75,28,11.8,1.69,163,68.8,2.37
2017,soybean,63,illinois,grundy,232,0.79,1.82,101,43.5,0.18,51,22,0.64,53,22.8,1.13,27,11.6,2.71
2015,corn,65,illinois,hamilton,158,3.1,5,38,24.1,1.2,13,8.2,1.7,10,6.3,2.9,97,61.4,4.1
2015,soybean,65,illinois,hamilton,208,1.8,5.8,104,50,1.1,54,26,1.9,17,8.2,2.8,33,15.9,3.4
2018,corn,65,illinois,hamilton,164,6.89,10.16,45,27.4,2.08,3,1.8,4.73,13,7.9,9.55,103,62.8,8.73
2018,soybean,65,illinois,hamilton,211,2.4,7.04,120,56.9,1.82,16,7.6,1.56,31,14.7,3.1,44,20.9,3.82
2017,corn,65,illinois,hamilton,167,7.23,10.47,48,28.7,2.57,0,0,NA,2,1.2,6.51,117,70.1,9.16
2017,soybean,65,illinois,hamilton,200,2.47,6.09,91,45.5,1.06,8,4,1.97,23,11.5,3.21,78,39,3.94
2015,corn,67,illinois,hancock,261,3.6,4.9,4,1.5,0.7,32,12.3,1.5,77,29.5,3.3,148,56.7,4.3
2015,soybean,67,illinois,hancock,240,2,6.4,59,24.6,0.8,94,39.2,1.5,74,30.8,3.2,13,5.4,4.3
2018,corn,67,illinois,hancock,254,3.43,5.99,11,4.3,1.29,66,26,1.24,115,45.3,4.02,62,24.4,5.04
2018,soybean,67,illinois,hancock,244,1.02,4.32,127,52,0.71,67,27.5,1.07,40,16.4,1.78,10,4.1,1.49
2017,corn,67,illinois,hancock,244,3.38,6.61,50,20.5,1.94,32,13.1,1.39,93,38.1,3.95,69,28.3,4.58
2017,soybean,67,illinois,hancock,254,0.9,3.85,109,42.9,0.39,81,31.9,1,49,19.3,1.49,15,5.9,2.1
2015,corn,69,illinois,hardin,12,3.5,6.7,5,41.7,1.3,2,16.7,2.2,0,0,0,5,41.7,6.2
2015,soybean,69,illinois,hardin,29,4.6,11.7,17,58.6,1,0,0,0,4,13.8,7.9,8,27.6,10.7
2018,corn,69,illinois,hardin,9,12.36,12.8,0,0,NA,0,0,NA,1,11.1,15,8,88.9,12.03
2018,soybean,69,illinois,hardin,24,11.81,14.25,3,12.5,1.26,0,0,NA,5,20.8,8.09,16,66.7,14.95
2017,corn,69,illinois,hardin,12,4.37,10.96,7,58.3,2.63,0,0,NA,0,0,NA,5,41.7,6.81
2017,soybean,69,illinois,hardin,26,4.56,10.8,17,65.4,1.95,2,7.7,2,0,0,NA,7,26.9,11.65
2015,corn,71,illinois,henderson,343,3.7,8.5,56,16.3,1.2,149,43.4,2.7,102,29.7,5.1,36,10.5,7.8
2015,soybean,71,illinois,henderson,199,1.7,6.4,91,45.7,0.9,92,46.2,1.8,10,5,6.1,6,3,4.2
2018,corn,71,illinois,henderson,316,3.61,7.53,38,12,2.12,126,39.9,3.19,137,43.4,4.25,15,4.7,4.98
2018,soybean,71,illinois,henderson,209,1.63,6.1,84,40.2,1.05,100,47.8,1.98,24,11.5,2.01,1,0.5,7.46
2017,corn,71,illinois,henderson,328,4.65,8.87,71,21.6,1.79,73,22.3,2.94,119,36.3,5.57,65,19.8,8.02
2017,soybean,71,illinois,henderson,202,1.93,6.21,87,43.1,1.06,53,26.2,2,34,16.8,2.4,28,13.9,3.96
2015,corn,73,illinois,henry,335,3.3,7.9,154,46,2.4,58,17.3,1.9,61,18.2,4.1,62,18.5,6.3
2015,soybean,73,illinois,henry,247,1.6,6.5,97,39.3,0.8,124,50.2,1.7,18,7.3,3.3,8,3.2,7.3
2018,corn,73,illinois,henry,326,2.82,8.51,144,44.2,0.92,74,22.7,2.51,59,18.1,3.81,48,14.7,7.84
2018,soybean,73,illinois,henry,269,1.2,6.86,102,37.9,0.89,139,51.7,1.18,24,8.9,2.38,3,1.1,2.2
2017,corn,73,illinois,henry,347,3.33,7.37,128,36.9,1.22,30,8.6,2.27,77,22.2,4.29,112,32.3,5.38
2017,soybean,73,illinois,henry,242,2.17,7.7,61,25.2,0.93,137,56.6,1.83,24,9.9,3.76,20,8.3,6.32
2015,corn,75,illinois,iroquois,225,1.6,2.5,14,6.2,0.2,68,30.2,0.5,72,32,1.5,71,31.6,3.1
2015,soybean,75,illinois,iroquois,219,0.3,1.6,86,39.3,0.1,118,53.9,0.3,14,6.4,0.9,1,50,1.7
2018,corn,75,illinois,iroquois,229,2.1,2.68,14,6.1,0.42,22,9.6,0.53,57,24.9,1.58,136,59.4,2.74
2018,soybean,75,illinois,iroquois,210,0.51,1.66,64,30.5,0.15,109,51.9,0.38,27,12.9,0.91,10,4.8,3.2
2017,corn,75,illinois,iroquois,228,2.24,2.6,18,7.9,0.31,11,4.8,0.8,48,21.1,1.35,151,66.2,2.85
2017,soybean,75,illinois,iroquois,212,0.61,1.67,56,26.4,0.12,81,38.2,0.52,50,23.6,0.67,25,11.8,1.93
2015,corn,77,illinois,jackson,105,4.7,9.7,31,29.5,2.5,16,15.2,3.4,23,21.9,4.7,35,33.3,7.3
2015,soybean,77,illinois,jackson,219,3.1,7,85,38.8,1.7,42,19.2,2,36,16.4,5,56,25.6,5
2018,corn,77,illinois,jackson,104,7.37,9.43,21,20.2,2.35,1,1,1.16,2,1.9,8.3,80,76.9,8.74
2018,soybean,77,illinois,jackson,206,4.17,7.56,73,35.4,2.87,15,7.3,1.86,14,6.8,5.95,104,50.5,5.17
2017,corn,77,illinois,jackson,70,5.37,12.01,22,31.4,3.23,7,10,3.57,28,40,7.13,13,18.6,6.19
2017,soybean,77,illinois,jackson,140,2.8,8.58,79,56.4,1.42,16,11.4,2.07,32,22.9,3.39,13,9.3,10.61
2015,corn,79,illinois,jasper,278,3.8,4.5,19,6.8,0.6,8,2.9,1.9,35,12.6,3.1,216,77.7,4.2
2015,soybean,79,illinois,jasper,284,1.2,2.6,59,20.8,0.4,97,34.2,0.8,82,28.9,1.2,46,16.2,2.9
2018,corn,79,illinois,jasper,271,3.98,4.6,22,8.1,1.31,5,1.8,0.98,9,3.3,3.25,235,86.7,4.32
2018,soybean,79,illinois,jasper,282,1.24,2.57,71,25.2,0.41,62,22,1.06,83,29.4,1.21,66,23.4,2.33
2017,corn,79,illinois,jasper,270,3.83,4.4,18,6.7,1,5,1.9,1.35,22,8.1,2.89,225,83.3,4.21
2017,soybean,79,illinois,jasper,291,1.46,2.92,60,20.6,0.41,67,23,1.13,81,27.8,1.42,83,28.5,2.52
2015,corn,81,illinois,jefferson,146,10.9,12.4,9,6.2,2.8,7,4.8,3.4,9,6.2,5.8,121,82.9,12.3
2015,soybean,81,illinois,jefferson,246,6,9.5,53,21.1,3,44,17.9,2.7,48,19.5,5.1,101,41.1,9.5
2018,corn,81,illinois,jefferson,119,8.69,11.76,11,9.2,3.31,7,5.9,3,40,33.6,7.43,61,51.3,11.14
2018,soybean,81,illinois,jefferson,271,4.33,10.34,141,52,2.83,47,17.3,3.2,53,19.6,6.28,30,11.1,9.75
2017,corn,81,illinois,jefferson,112,7.89,10.82,6,5.4,1.62,15,13.4,3.58,32,28.6,7.33,59,52.7,9.92
2017,soybean,81,illinois,jefferson,287,4.7,10.21,109,38,3.33,73,25.4,2.41,54,18.8,6.23,51,17.8,9.27
2015,corn,83,illinois,jersey,245,5,8.9,55,22.4,1.8,43,17.6,2.9,63,25.7,5.3,84,34.3,8
2015,soybean,83,illinois,jersey,168,1.5,7.8,98,58.3,0.7,47,28,2.2,16,9.5,3.1,7,4.2,4.2
2018,corn,83,illinois,jersey,209,4.72,8.81,39,18.7,2.15,45,21.5,2.8,64,30.6,5.17,61,29.2,7.31
2018,soybean,83,illinois,jersey,202,2.03,8.67,105,52,0.78,66,32.7,2.73,25,12.4,4.45,6,3,6.1
2017,corn,83,illinois,jersey,255,4.35,9.02,65,25.5,1.9,54,21.2,2.67,81,31.8,5.54,55,21.6,7.13
2017,soybean,83,illinois,jersey,159,1.81,8.53,82,51.6,0.73,61,38.4,2.03,5,3.1,3.66,11,6.9,7.82
2015,corn,85,illinois,jo daviess,306,2.7,9.5,145,47.4,1.6,138,45.1,3.2,9,2.9,3.9,14,4.6,9.8
2015,soybean,85,illinois,jo daviess,65,1.5,9.2,49,75.4,1.4,15,23.1,1.7,0,0,0,1,1.5,4.6
2018,corn,85,illinois,jo daviess,242,5.01,9.56,37,15.3,1.01,109,45,4.09,39,16.1,6.93,57,23.6,8.05
2018,soybean,85,illinois,jo daviess,115,2.63,10.2,52,45.2,1.21,53,46.1,2.86,6,5.2,9.17,4,3.5,8.32
2017,corn,85,illinois,jo daviess,265,3.1,9.66,105,39.6,1.78,117,44.2,2.43,21,7.9,5.82,22,8.3,10.36
2017,soybean,85,illinois,jo daviess,102,2.04,9.66,62,60.8,1.26,26,25.5,2.26,4,3.9,3.59,10,9.8,5.7
2015,corn,87,illinois,johnson,28,9.1,22.5,13,46.4,5.6,8,28.6,6,7,25,19.3,0,0,0
2015,soybean,87,illinois,johnson,44,3.6,14.3,34,77.3,1.7,1,2.3,7.7,6,13.6,7.8,3,6.8,16.2
2018,corn,87,illinois,johnson,14,11.68,18.38,11,78.6,11.09,0,0,NA,2,14.3,7.33,1,0,26.76
2018,soybean,87,illinois,johnson,64,5.49,16.34,46,71.9,3,6,9.4,4.35,9,14.1,12.12,3,4.7,26.06
2017,corn,87,illinois,johnson,25,8.89,18.74,6,24,2.69,9,36,6.56,8,32,14.54,2,8,15.41
2017,soybean,87,illinois,johnson,57,4.62,15.32,39,68.4,1.72,6,10.5,3.23,7,12.3,8,5,8.8,24.12
2015,corn,89,illinois,kane,159,2.2,2.7,10,6.3,1,27,17,0.6,30,18.9,1.3,92,57.9,3.1
2015,soybean,89,illinois,kane,119,1,2.3,32,26.9,0.5,43,36.1,0.7,32,26.9,1.4,12,10.1,2.3
2018,corn,89,illinois,kane,140,2,2.48,9,6.4,0.86,17,12.1,0.83,22,15.7,1.28,92,65.7,2.49
2018,soybean,89,illinois,kane,141,1.18,2.71,33,23.4,0.54,67,47.5,0.86,26,18.4,1.8,15,10.6,2.99
2017,corn,89,illinois,kane,166,2.65,3.11,16,9.6,0.47,11,6.6,0.8,24,14.5,1.75,115,69.3,3.31
2017,soybean,89,illinois,kane,112,1.06,2.19,27,24.1,0.33,29,25.9,0.7,35,31.3,1.19,21,18.8,2.27
2015,corn,91,illinois,kankakee,274,0.9,1.3,20,7.3,0.3,91,33.2,0.4,54,19.7,0.7,109,39.8,1.6
2015,soybean,91,illinois,kankakee,187,0.2,1.1,110,58.8,0.1,56,29.9,0.3,14,7.5,0.5,7,3.7,1.1
2018,corn,91,illinois,kankakee,258,1.19,1.37,10,3.9,0.4,25,9.7,0.43,46,17.8,0.68,177,68.6,1.48
2018,soybean,91,illinois,kankakee,204,0.4,1.18,82,40.2,0.27,66,32.4,0.37,44,21.6,0.49,12,5.9,1.17
2017,corn,91,illinois,kankakee,237,1.16,1.33,27,11.4,0.27,21,8.9,0.31,28,11.8,0.78,161,67.9,1.48
2017,soybean,91,illinois,kankakee,220,0.45,1.09,96,43.6,0.13,57,25.9,0.36,27,12.3,0.75,40,18.2,1.14
2015,corn,93,illinois,kendall,272,1.8,2.4,1,0.4,0.1,46,16.9,0.7,131,48.2,1.4,94,34.6,2.8
2015,soybean,93,illinois,kendall,194,0.7,2,68,35.1,0.2,65,33.5,0.7,50,25.8,1.1,11,5.7,2.5
2018,corn,93,illinois,kendall,257,2.09,2.61,1,0.4,0.14,13,5.1,0.65,124,48.2,1.63,119,46.3,2.75
2018,soybean,93,illinois,kendall,200,0.65,1.75,72,36,0.19,66,33,0.53,57,28.5,1.18,5,2.5,2.99
2017,corn,93,illinois,kendall,257,1.87,2.38,7,2.7,0.24,22,8.6,0.75,101,39.3,1.43,127,49.4,2.49
2017,soybean,93,illinois,kendall,205,0.78,1.93,78,38,0.19,55,26.8,0.71,52,25.4,1.27,20,9.8,2.04
2015,corn,95,illinois,knox,204,2.4,5.9,50,24.5,1.5,123,60.3,2.4,30,14.7,3.9,1,0.5,2.5
2015,soybean,95,illinois,knox,167,0.9,4.4,121,72.5,0.6,41,24.6,1.7,5,3,3.2,0,0,0
2018,corn,95,illinois,knox,237,1.81,5.55,74,31.2,0.92,135,57,2.01,24,10.1,2.93,4,1.7,4.91
2018,soybean,95,illinois,knox,192,1.16,5.19,149,77.6,0.82,37,19.3,2.02,6,3.1,4.25,0,0,NA
2017,corn,95,illinois,knox,229,2.77,6.32,57,24.9,1.44,93,40.6,2.3,75,32.8,4.04,4,1.7,8.93
2017,soybean,95,illinois,knox,201,1.01,4.4,144,71.6,0.77,49,24.4,1.51,8,4,2.37,0,0,NA
2015,corn,97,illinois,lake,NA,NA,NA,NA,NA,NA,NA,NA,NA,NA,NA,NA,NA,NA,NA
2015,soybean,97,illinois,lake,NA,NA,NA,NA,NA,NA,NA,NA,NA,NA,NA,NA,NA,NA,NA
2018,corn,97,illinois,lake,NA,NA,NA,NA,NA,NA,NA,NA,NA,NA,NA,NA,NA,NA,NA
2018,soybean,97,illinois,lake,,,,,0,,,0,,,0,,,0,
2017,corn,97,illinois,lake,NA,NA,NA,NA,NA,NA,NA,NA,NA,NA,NA,NA,NA,NA,NA
2017,soybean,97,illinois,lake,NA,NA,NA,NA,#VALUE!,NA,NA,#VALUE!,NA,NA,#VALUE!,NA,NA,#VALUE!,NA
2015,corn,99,illinois,la salle,237,2.2,3,45,19,0.2,24,10.1,1,17,7.2,1.9,151,63.7,3.1
2015,soybean,99,illinois,la salle,201,0.9,2.1,74,36.8,0.2,55,27.4,0.7,32,15.9,1.2,40,19.9,2.2
2018,corn,99,illinois,la salle,229,2.21,2.86,33,14.4,0.25,14,6.1,0.72,26,11.4,1.98,156,68.1,2.8
2018,soybean,99,illinois,la salle,211,1.08,2.36,75,35.5,0.3,62,29.4,0.69,23,10.9,1.45,51,24.2,2.53
2017,corn,99,illinois,la salle,237,2.78,3.02,22,9.3,0.19,0,0,NA,5,2.1,1.81,210,88.6,3.08
2017,soybean,99,illinois,la salle,208,1.36,2.25,77,37,0.25,0,0,NA,27,13,1.36,104,50,2.19
2015,corn,101,illinois,lawrence,246,5.1,7.3,21,8.5,1.4,27,11,1.7,67,27.2,4.6,131,53.3,6.6
2015,soybean,101,illinois,lawrence,282,1,4,106,37.6,0.7,116,41.1,0.8,36,12.8,1.6,24,8.5,2.3
2018,corn,101,illinois,lawrence,233,4.43,7.26,18,7.7,1.56,19,8.2,2.52,133,57.1,4.64,63,27,5.36
2018,soybean,101,illinois,lawrence,295,1.38,4.28,131,44.4,0.83,63,21.4,1.25,63,21.4,2.17,38,12.9,2.14
2017,corn,101,illinois,lawrence,252,4.08,7.06,32,12.7,1.58,32,12.7,2.13,112,44.4,4.22,76,30.2,5.75
2017,soybean,101,illinois,lawrence,273,1.21,4.25,114,41.8,0.78,76,27.8,1.09,48,17.6,1.87,35,12.8,1.95
2015,corn,103,illinois,lee,367,1.2,2.6,6,1.6,0.1,284,77.4,1,69,18.8,1.9,8,2.2,2.9
2015,soybean,103,illinois,lee,147,0.8,2.4,24,16.3,0.3,102,69.4,0.8,18,12.2,1.3,3,2,2.1
2018,corn,103,illinois,lee,337,1.33,2.66,21,6.2,0.25,165,49,0.69,97,28.8,1.72,54,16,3.01
2018,soybean,103,illinois,lee,166,0.78,2.64,38,22.9,0.42,102,61.4,0.67,20,12,1.26,6,3.6,3.28
2017,corn,103,illinois,lee,353,1.71,2.54,3,0.8,0.44,187,53,1.11,33,9.3,1.6,130,36.8,2.62
2017,soybean,103,illinois,lee,172,1.1,2.42,21,12.2,0.36,113,65.7,0.89,5,2.9,1.41,33,19.2,2.24
2015,corn,105,illinois,livingston,235,3.3,4,16,6.8,0.7,29,12.3,0.7,39,16.6,2.4,151,64.3,4.2
2015,soybean,105,illinois,livingston,204,0.7,2.6,90,44.1,0.2,82,40.2,0.8,21,10.3,1.2,11,5.4,3.3
2018,corn,105,illinois,livingston,302,2.88,3.77,38,12.6,0.65,40,13.2,0.82,27,8.9,2.56,197,65.2,3.77
2018,soybean,105,illinois,livingston,290,0.9,2.59,47,16.2,0.42,181,62.4,0.67,38,13.1,1.29,24,8.3,3
2017,corn,105,illinois,livingston,226,3.56,4.03,10,4.4,0.95,10,4.4,0.76,31,13.7,2.08,175,77.4,4.13
2017,soybean,105,illinois,livingston,213,0.86,2.52,77,36.2,0.23,75,35.2,0.71,42,19.7,1.36,19,8.9,2.93
2015,corn,107,illinois,logan,299,2,4.6,89,29.8,1.1,41,13.7,0.9,168,56.2,2.8,1,0.3,3
2015,soybean,107,illinois,logan,233,0.8,3.5,113,48.5,0.6,79,33.9,0.8,40,17.2,1.5,1,0.4,1.7
2018,corn,107,illinois,logan,301,1.99,4.79,109,36.2,0.9,60,19.9,0.82,117,38.9,3.09,15,5,6.13
2018,soybean,107,illinois,logan,261,0.86,3.73,79,30.3,0.5,152,58.2,0.92,29,11.1,1.55,1,0.4,1.64
2017,corn,107,illinois,logan,289,2.14,4.69,80,27.7,0.93,53,18.3,1.09,125,43.3,2.68,31,10.7,4.91
2017,soybean,107,illinois,logan,269,1.05,3.57,113,42,0.55,82,30.5,0.98,68,25.3,1.81,6,2.2,2.66
2015,corn,115,illinois,macon,306,3.6,4.7,3,1,0.7,50,16.3,1,94,30.7,3,159,52,4.8
2015,soybean,115,illinois,macon,255,1.2,3.4,42,16.5,0.5,173,67.8,1,33,12.9,2,7,2.7,3.9
2018,corn,115,illinois,macon,291,4.16,4.55,1,0.3,0.25,19,6.5,0.96,20,6.9,3.42,251,86.3,4.48
2018,soybean,115,illinois,macon,258,1.38,3.35,44,17.1,0.38,118,45.7,0.84,73,28.3,1.94,23,8.9,4.27
2017,corn,115,illinois,macon,288,3.45,4.49,20,6.9,1,32,11.1,1.04,82,28.5,2.57,154,53.5,4.73
2017,soybean,115,illinois,macon,296,1.53,3.56,51,17.2,0.53,102,34.5,1.01,122,41.2,1.94,21,7.1,4.19
2015,corn,117,illinois,macoupin,241,3.2,4.1,7,2.9,1.3,42,17.4,1.1,43,17.8,2.5,149,61.8,4
2015,soybean,117,illinois,macoupin,203,1.3,3.1,53,26.1,0.7,75,36.9,1.1,32,40,0.5,43,60,1
2018,corn,117,illinois,macoupin,354,4,4.61,14,4,0.61,32,9,0.74,52,14.7,2.73,256,72.3,4.86
2018,soybean,117,illinois,macoupin,334,1.14,2.92,78,23.4,0.37,136,40.7,0.77,82,24.6,1.38,38,11.4,3.47
2017,corn,117,illinois,macoupin,231,3.78,4.39,3,1.3,0.88,17,7.4,0.91,51,22.1,2.45,160,69.3,4.56
2017,soybean,117,illinois,macoupin,210,1.23,2.84,33,15.7,0.33,82,39,0.99,54,25.7,1.44,41,19.5,2.15
2015,corn,119,illinois,madison,187,8.6,9.5,2,1.1,1.1,5,2.7,1.4,39,20.9,5,141,75.4,10
2015,soybean,119,illinois,madison,134,1.4,3.9,26,19.4,0.4,49,36.6,1.3,48,35.8,1.7,11,8.2,3.2
2018,corn,119,illinois,madison,166,4.76,5.23,1,0.6,0.46,9,5.4,0.95,28,16.9,2.7,128,77.1,5.51
2018,soybean,119,illinois,madison,167,2.42,4.61,4,2.4,0.25,75,44.9,0.97,57,34.1,2.31,31,18.6,6.42
2017,corn,119,illinois,madison,178,5.27,6.04,1,0.6,3.58,4,2.2,2.03,35,19.7,5.02,138,77.5,5.44
2017,soybean,119,illinois,madison,162,3.41,7.06,54,33.3,1.92,19,11.7,2.79,52,32.1,3.54,37,22.8,5.71
2015,corn,121,illinois,marion,196,4.7,5.5,9,4.6,1.1,5,2.6,1.5,24,12.2,4.1,158,80.6,5.1
2015,soybean,121,illinois,marion,223,1.2,2.8,47,21.1,0.3,83,37.2,0.7,37,16.6,1.3,56,25.1,2.6
2018,corn,121,illinois,marion,149,3.57,4.02,10,6.7,0.87,3,2,1.38,7,4.7,1.59,129,86.6,3.94
2018,soybean,121,illinois,marion,244,1.47,3.48,84,34.4,0.58,68,27.9,0.8,37,15.2,1.74,55,22.5,3.49
2017,corn,121,illinois,marion,158,4.65,4.96,2,1.3,0.96,5,3.2,1.3,11,7,1.87,140,88.6,5.04
2017,soybean,121,illinois,marion,255,1.51,2.77,46,18,0.2,63,24.7,0.83,51,20,1.42,95,37.3,2.66
2015,corn,123,illinois,marshall,286,1.6,4.8,88,30.8,1.1,151,52.8,1.1,0,0,0,47,16.4,4.2
2015,soybean,123,illinois,marshall,234,1.6,4.4,106,45.3,1.1,101,43.2,1.3,0,0,0,27,11.5,4.7
2018,corn,123,illinois,marshall,346,1.23,4.67,79,22.8,0.6,161,46.5,0.96,104,30.1,2.1,2,0.6,3.57
2018,soybean,123,illinois,marshall,188,0.78,3.46,62,33,0.37,81,43.1,0.79,44,23.4,1.32,1,0.5,1.42
2017,corn,123,illinois,marshall,322,2.39,5.17,49,15.2,1.24,112,34.8,1.24,149,46.3,3.62,12,3.7,2.59
2017,soybean,123,illinois,marshall,204,1.08,3.22,61,29.9,0.67,110,53.9,1.03,28,13.7,1.65,5,2.5,4.06
2015,corn,125,illinois,mason,362,3,5.4,35,9.7,1.2,69,19.1,1.2,255,70.4,3.7,3,0.8,4.4
2015,soybean,125,illinois,mason,186,1,3.7,78,41.9,0.6,45,24.2,1.3,60,32.3,1.2,3,1.6,3.5
2018,corn,125,illinois,mason,299,2.51,5.24,19,6.4,2.1,85,28.4,1.16,193,64.5,3.14,2,0.7,2.88
2018,soybean,125,illinois,mason,230,1.01,3.82,99,43,0.69,81,35.2,1.13,50,21.7,1.44,0,0,NA
2017,corn,125,illinois,mason,317,2.83,5.01,48,15.1,0.77,33,10.4,1.03,207,65.3,3.41,29,9.1,4.18
2017,soybean,125,illinois,mason,223,1.06,3.62,72,32.3,0.56,78,35,1.23,67,30,1.27,6,2.7,2.47
2015,corn,127,illinois,massac,124,5.4,10.8,66,53.2,2.1,7,5.6,6.7,7,5.6,12.1,44,35.5,9
2015,soybean,127,illinois,massac,128,1.9,7.4,93,72.7,0.8,15,11.7,2.9,6,4.7,1.9,14,10.9,7.8
2018,corn,127,illinois,massac,92,3.87,9.39,58,63,1.94,6,6.5,6.64,2,2.2,3.2,26,28.3,7.57
2018,soybean,127,illinois,massac,173,1.35,8.72,147,85,1.09,10,5.8,2.2,2,1.2,3.43,14,8.1,3.18
2017,corn,127,illinois,massac,110,4.69,9.67,58,52.7,2.13,2,1.8,9.1,5,4.5,4.23,45,40.9,7.83
2017,soybean,127,illinois,massac,159,1.36,7.24,135,84.9,0.7,2,1.3,3.79,2,1.3,1.54,20,12.6,5.55
2015,corn,109,illinois,mcdonough,237,4.9,8.1,34,14.3,2.4,94,39.7,3.2,52,21.9,5.9,57,24.1,8.4
2015,soybean,109,illinois,mcdonough,233,2,6.8,79,33.9,0.6,112,48.1,1.9,19,8.2,3.3,23,9.9,6.6
2018,corn,109,illinois,mcdonough,248,5.2,7.6,73,29.4,2.98,26,10.5,3.23,74,29.8,5.72,75,30.2,7.55
2018,soybean,109,illinois,mcdonough,223,1.8,7.4,126,56.5,0.8,65,29.1,2.05,26,11.7,4.65,6,2.7,7.96
2017,corn,109,illinois,mcdonough,257,6.02,7.62,13,5.1,2.01,24,9.3,3.52,94,36.6,4.58,126,49,7.99
2017,soybean,109,illinois,mcdonough,217,1.97,6.67,89,41,0.58,77,35.5,1.87,40,18.4,3.75,11,5.1,7.43
2015,corn,111,illinois,mchenry,209,5,7.4,31,14.8,2.3,61,29.2,2.2,33,15.8,4.1,84,40.2,8.4
2015,soybean,111,illinois,mchenry,136,1.7,6.1,58,42.6,0.6,59,43.4,1.9,11,8.1,3,8,5.9,5.8
2018,corn,111,illinois,mchenry,209,4.76,7.82,60,28.7,2.39,55,26.3,2.33,0,0,NA,94,45,7.69
2018,soybean,111,illinois,mchenry,142,1.59,5.69,40,28.2,0.79,85,59.9,1.3,0,0,NA,17,12,4.95
2017,corn,111,illinois,mchenry,198,5.58,7.42,30,15.2,1.86,27,13.6,3.72,31,15.7,3.83,110,55.6,7.54
2017,soybean,111,illinois,mchenry,153,2.68,6.38,54,35.3,0.63,26,17,1.8,37,24.2,3.48,36,23.5,5.57
2015,corn,113,illinois,mclean,260,5.4,7.3,5,1.9,1.7,72,27.7,3.6,94,36.2,5.9,89,34.2,6.6
2015,soybean,113,illinois,mclean,208,1.5,6,53,25.5,0.5,128,61.5,1.3,20,9.6,4.1,7,3.4,6.4
2018,corn,113,illinois,mclean,310,5.99,8.47,28,9,1.64,98,31.6,4.32,102,32.9,7.05,82,26.5,8.14
2018,soybean,113,illinois,mclean,375,1.22,6.13,139,37.1,0.54,211,56.3,1.38,20,5.3,3.21,5,1.3,5.71
2017,corn,113,illinois,mclean,255,6.79,8.05,9,3.5,2.23,39,15.3,3.48,73,28.6,5.97,134,52.5,8.51
2017,soybean,113,illinois,mclean,228,1.48,5.72,86,37.7,0.5,112,49.1,1.3,18,7.9,3.97,12,5.3,6.37
2015,corn,129,illinois,menard,271,3,7.6,57,21,1.8,70,25.8,1.5,144,53.1,4.2,0,0,0
2015,soybean,129,illinois,menard,181,1,5.4,114,63,0.8,54,29.8,1.1,12,6.6,2.2,1,0.6,1
2018,corn,129,illinois,menard,232,2.77,6.9,95,40.9,1.12,34,14.7,1.61,73,31.5,4.06,30,12.9,6.18
2018,soybean,129,illinois,menard,228,1.5,6.38,108,47.4,0.86,73,32,1.54,43,18.9,2.86,4,1.8,3.34
2017,corn,129,illinois,menard,232,3.37,7.87,74,31.9,1.22,49,21.1,1.41,65,28,5.11,44,19,6.59
2017,soybean,129,illinois,menard,236,1.75,5.4,96,40.7,0.77,71,30.1,1.4,36,15.3,2.55,33,14,4.44
2015,corn,131,illinois,mercer,239,4.2,7.4,74,31,5,28,11.7,2.5,133,55.6,4.1,4,1.7,3.8
2015,soybean,131,illinois,mercer,189,0.9,5.1,133,70.4,0.6,43,22.8,1.7,12,6.3,1.3,1,0.5,0.9
2018,corn,131,illinois,mercer,231,2.76,6.71,102,44.2,2.71,85,36.8,2.81,42,18.2,2.82,2,0.9,2.13
2018,soybean,131,illinois,mercer,194,1.27,5.64,117,60.3,0.75,63,32.5,1.95,12,6.2,2.4,2,1,3.2
2017,corn,131,illinois,mercer,246,3.33,6.97,88,35.8,2.76,31,12.6,1.83,124,50.4,4,3,1.2,7.85
2017,soybean,131,illinois,mercer,180,0.87,5.39,139,77.2,0.59,36,20,1.87,4,2.2,1.68,1,0.6,0.97
2015,corn,133,illinois,monroe,139,6.7,12.6,28,20.1,1.5,20,14.4,7.1,38,27.3,5.3,53,38.1,10.3
2015,soybean,133,illinois,monroe,111,4.4,7.1,9,8.1,0.5,18,16.2,2.4,37,33.3,4.6,47,42.3,5.7
2018,corn,133,illinois,monroe,167,4.75,12.89,4,2.4,0.81,125,74.9,3.71,22,13.2,4.95,16,9.6,13.5
2018,soybean,133,illinois,monroe,172,4.95,13.62,35,20.3,2.42,83,48.3,4.06,34,19.8,7.24,20,11.6,9.18
2017,corn,133,illinois,monroe,121,7.62,11.07,17,14,5.69,19,15.7,2.25,24,19.8,4.5,61,50.4,11.05
2017,soybean,133,illinois,monroe,184,9.46,12.06,31,16.8,4.69,10,5.4,1.74,26,14.1,5.25,117,63.6,12.33
2015,corn,135,illinois,montgomery,229,3.4,4.3,9,3.9,1,43,18.8,1,35,15.3,2.8,142,62,4.4
2015,soybean,135,illinois,montgomery,210,0.7,2.8,60,28.6,0.3,138,65.7,0.7,11,5.2,1.9,1,0.5,2.5
2018,corn,135,illinois,montgomery,236,3.52,4.06,5,2.1,0.5,5,2.1,1.44,52,22,2.47,174,73.7,3.98
2018,soybean,135,illinois,montgomery,188,1.38,3.23,40,21.3,0.37,71,37.8,0.84,57,30.3,1.64,20,10.6,4.56
2017,corn,135,illinois,montgomery,208,3.9,4.28,3,1.4,0.43,5,2.4,1.29,35,16.8,2.63,165,79.3,4.31
2017,soybean,135,illinois,montgomery,221,1.62,2.96,39,17.6,0.33,37,16.7,0.77,65,29.4,1.61,80,36.2,2.65
2015,corn,137,illinois,morgan,431,3.8,5.4,48,11.1,2,70,16.2,2.1,58,13.5,3.1,255,59.2,4.8
2015,soybean,137,illinois,morgan,312,1.9,7.7,142,45.5,1.1,112,35.9,1.9,47,15.1,3.2,11,3.5,4.4
2018,corn,137,illinois,morgan,369,4.15,6.87,57,15.4,1.32,30,8.1,2.03,127,34.4,4.26,155,42,5.52
2018,soybean,137,illinois,morgan,373,1.75,5.89,125,33.5,0.6,129,34.6,1.32,106,28.4,3.18,13,3.5,5.43
2017,corn,137,illinois,morgan,168,3.5,9.48,63,37.5,3.45,21,12.5,1.86,68,40.5,4.38,16,9.5,2.1
2017,soybean,137,illinois,morgan,147,1.24,6.57,88,59.9,0.7,42,28.6,1.85,11,7.5,2.28,6,4.1,3.08
2015,corn,139,illinois,moultrie,263,2.6,2.7,1,0.4,0.2,0,0,0,2,0.8,2.9,260,98.9,2.7
2015,soybean,139,illinois,moultrie,219,1.3,1.9,44,20.1,0.3,26,11.9,0.5,46,21,1,103,47,2
2018,corn,139,illinois,moultrie,269,2.65,2.65,1,0.4,0.13,0,0,NA,0,0,NA,268,99.6,2.66
2018,soybean,139,illinois,moultrie,232,1.27,2.32,13,5.6,0.22,51,22,1.01,165,71.1,1.41,3,1.3,2.61
2017,corn,139,illinois,moultrie,245,2.8,2.81,1,0.4,0.15,0,0,NA,0,0,NA,244,99.6,2.81
2017,soybean,139,illinois,moultrie,215,1.03,1.87,49,22.8,0.21,57,26.5,0.58,63,29.3,1.07,46,21.4,2.42
2015,corn,141,illinois,ogle,366,3.1,5.1,19,5.2,1,102,27.9,2.2,168,45.9,2.9,77,21,5.3
2015,soybean,141,illinois,ogle,163,1.5,4.4,57,34.4,0.5,66,40.5,1.6,33,20.2,2.3,7,4.3,4.8
2018,corn,141,illinois,ogle,361,3.54,5.17,36,10,0.76,69,19.1,1.99,126,34.9,3.16,130,36,5.49
2018,soybean,141,illinois,ogle,178,1.6,4.41,51,28.7,0.54,70,39.3,1.64,47,26.4,2.28,10,5.6,3.44
2017,corn,141,illinois,ogle,356,3.46,5.21,26,7.3,0.9,75,21.1,2.22,146,41,3.04,109,30.6,5.48
2017,soybean,141,illinois,ogle,185,1.77,4.11,39,21.1,0.47,74,40,1.54,55,29.7,2.23,17,9.2,4.31
2015,corn,143,illinois,peoria,274,2,5.8,88,32.1,0.7,94,34.3,1.2,68,24.8,3.6,24,8.8,5.6
2015,soybean,143,illinois,peoria,237,0.8,4,135,57,0.5,78,32.9,0.9,21,8.9,1.6,3,1.3,4.2
2018,corn,143,illinois,peoria,264,2.07,5.39,39,14.8,0.81,113,42.8,1.32,97,36.7,3.2,15,5.7,3.74
2018,soybean,143,illinois,peoria,230,0.67,3.79,148,64.3,0.4,66,28.7,0.88,13,5.7,2.09,3,1.3,3.55
2017,corn,143,illinois,peoria,264,2.26,5.6,57,21.6,0.74,91,34.5,1.26,84,31.8,3.51,32,12.1,4.57
2017,soybean,143,illinois,peoria,239,1.32,3.68,92,38.5,0.37,79,33.1,0.93,35,14.6,2.04,33,13.8,4.14
2015,corn,145,illinois,perry,152,4.8,13.6,27,17.8,3,85,55.9,3.8,32,21.1,8,8,5.3,8.8
2015,soybean,145,illinois,perry,214,3,8.6,107,50,1.7,78,36.4,3.3,22,10.3,3.7,7,3.3,15.9
2018,corn,145,illinois,perry,140,4.12,12.85,52,37.1,2.7,52,37.1,3.83,29,20.7,6.35,7,5,7.69
2018,soybean,145,illinois,perry,253,3.33,9.4,166,65.6,2.37,43,17,3.82,24,9.5,3.79,20,7.9,9.65
2017,corn,145,illinois,perry,156,4.3,14.36,50,32.1,3,80,51.3,4.19,15,9.6,7.09,11,7.1,7.21
2017,soybean,145,illinois,perry,326,2.58,9.59,190,58.3,1.49,107,32.8,3.6,20,6.1,5.14,9,2.8,7.63
2015,corn,147,illinois,piatt,351,3.6,4,0,0,0,15,4.3,0.7,83,23.6,2.2,253,72.1,4.3
2015,soybean,147,illinois,piatt,270,1.1,3.1,29,10.7,0.4,174,64.4,0.9,60,22.2,1.7,7,2.6,3.6
2018,corn,147,illinois,piatt,306,3.96,4.08,1,0.3,0.64,7,2.3,0.67,19,6.2,2.37,279,91.2,4.16
2018,soybean,147,illinois,piatt,328,1.11,3.15,45,13.7,0.32,227,69.2,0.87,42,12.8,1.96,14,4.3,4.94
2017,corn,147,illinois,piatt,310,3.79,4.02,0,0,NA,13,4.2,0.56,32,10.3,2.45,265,85.5,4.11
2017,soybean,147,illinois,piatt,305,1.23,2.94,33,10.8,0.34,178,58.4,0.81,58,19,1.83,36,11.8,3.15
2015,corn,149,illinois,pike,259,3.5,7.7,20,7.7,1.8,117,45.2,2,118,45.6,5.3,4,1.5,3.6
2015,soybean,149,illinois,pike,164,1.3,6.8,101,61.6,0.8,52,31.7,1.9,11,6.7,2.8,0,0,0
2018,corn,149,illinois,pike,255,4.94,9.27,16,6.3,1.86,75,29.4,2.43,131,51.4,6.04,33,12.9,7.76
2018,soybean,149,illinois,pike,174,1.57,6.26,67,38.5,0.91,70,40.2,1.23,26,14.9,3.28,11,6.3,3.78
2017,corn,149,illinois,pike,220,4.51,8.54,20,9.1,1.22,62,28.2,2.41,120,54.5,5.4,18,8.2,9.54
2017,soybean,149,illinois,pike,216,1.9,6.36,96,44.4,0.8,67,31,2.17,33,15.3,2.76,20,9.3,4.82
2015,corn,151,illinois,pope,46,9.7,12.7,9,19.6,3.3,3,6.5,8.9,4,8.7,11.4,30,65.2,11.5
2015,soybean,151,illinois,pope,90,2.8,7.1,46,51.1,0.8,3,3.3,1.1,6,6.7,4.7,35,38.9,5.2
2018,corn,151,illinois,pope,47,6.42,10.01,12,25.5,1.68,5,10.6,3.62,6,12.8,12.92,24,51.1,7.75
2018,soybean,151,illinois,pope,63,3.37,8.89,29,46,1.11,4,6.3,5.55,13,20.6,4.53,17,27,5.84
2017,corn,151,illinois,pope,42,7.44,12.82,15,35.7,3.36,1,2.4,22.34,0,0,NA,26,61.9,9.23
2017,soybean,151,illinois,pope,86,2.39,6.89,44,51.2,0.96,4,4.7,1.32,0,0,NA,38,44.2,4.16
2015,corn,153,illinois,pulaski,56,13.3,17.5,22,39.3,14.6,4,7.1,2.7,0,0,0,30,53.6,13.7
2015,soybean,153,illinois,pulaski,109,7.8,15.8,63,57.8,4.3,1,0.9,9.7,0,0,0,45,41.3,12.6
2018,corn,153,illinois,pulaski,46,17.16,23.61,16,34.8,8.75,0,0,NA,0,0,NA,30,65.2,21.65
2018,soybean,153,illinois,pulaski,121,6.56,16.06,86,71.1,3.72,3,2.5,1.09,1,0.8,2.67,31,25.6,15.09
2017,corn,153,illinois,pulaski,50,17.03,19.86,11,22,12.69,0,0,NA,0,0,NA,39,78,18.25
2017,soybean,153,illinois,pulaski,133,6.97,17.03,75,56.4,4.18,9,6.8,4.6,5,3.8,16.38,44,33.1,11.14
2015,corn,155,illinois,putnam,152,1.7,3.7,49,32.2,1.2,82,53.9,1.4,0,0,0,21,13.8,3.7
2015,soybean,155,illinois,putnam,70,2.6,5,15,21.4,1,33,47.1,1.6,0,0,0,22,31.4,5.1
2018,corn,155,illinois,putnam,150,0.96,4.18,54,36,0.46,71,47.3,1.08,25,16.7,1.71,0,0,NA
2018,soybean,155,illinois,putnam,79,1.03,3.63,23,29.1,0.56,45,57,1.23,11,13.9,1.23,0,0,NA
2017,corn,155,illinois,putnam,132,2.04,4.04,38,28.8,1.47,36,27.3,1.42,48,36.4,2.65,10,7.6,3.49
2017,soybean,155,illinois,putnam,88,1.43,3.64,42,47.7,1.14,20,22.7,1.37,24,27.3,1.96,2,2.3,1.88
2015,corn,157,illinois,randolph,195,10.1,13.4,23,11.8,2.8,16,8.2,3.3,52,26.7,8.6,104,53.3,13.5
2015,soybean,157,illinois,randolph,187,2.3,7,143,76.5,1.7,20,10.7,2.2,14,7.5,4.5,10,5.3,8.5
2018,corn,157,illinois,randolph,215,8.63,11.8,32,14.9,4.05,13,6,4.73,35,16.3,7.56,135,62.8,10.36
2018,soybean,157,illinois,randolph,258,3.22,9.68,216,83.7,2.93,17,6.6,3,17,6.6,5.55,8,3.1,6.6
2017,corn,157,illinois,randolph,133,6.72,11.13,8,6,3.5,10,7.5,3.42,73,54.9,5.81,42,31.6,9.69
2017,soybean,157,illinois,randolph,239,2.12,7.34,201,84.1,2.01,25,10.5,1.98,13,5.4,4.03,0,0,NA
2015,corn,159,illinois,richland,249,6.3,7,11,4.4,2.1,7,2.8,1.2,23,9.2,4.3,208,83.5,6.9
2015,soybean,159,illinois,richland,250,1.8,4,78,31.2,0.9,58,23.2,1.1,65,26,1.7,49,19.6,3.9
2018,corn,159,illinois,richland,233,5.8,6.65,27,11.6,1.01,2,0.9,0.73,10,4.3,2.87,194,83.3,6.67
2018,soybean,159,illinois,richland,257,1.84,4.79,113,44,0.65,77,30,1.57,26,10.1,2.21,41,16,5.42
2017,corn,159,illinois,richland,230,6.11,7.29,33,14.3,1.47,15,6.5,1.8,1,0.4,10.33,181,78.7,7.29
2017,soybean,159,illinois,richland,259,1.84,4.23,122,47.1,0.62,61,23.6,1.12,8,3.1,1.92,68,26.3,4.66
2018,corn,161,illinois,rock island,217,4.18,9.22,104,47.9,3.9,54,24.9,3.81,41,18.9,4.89,18,8.3,5.3
2018,soybean,161,illinois,rock island,165,2.12,8.86,118,71.5,1.54,39,23.6,2.62,6,3.6,4.11,2,1.2,20.14
2017,corn,161,illinois,rock island,219,6.36,9.79,52,23.7,5.35,40,18.3,3.85,69,31.5,6.01,58,26.5,9.41
2017,soybean,161,illinois,rock island,168,1.88,7.28,98,58.3,1.36,42,25,2.67,16,9.5,3.03,12,7.1,1.81
2015,corn,161,illinois,rockisland,213,3.7,8.6,57,26.8,3.6,96,45.1,2.8,30,14.1,4.6,30,14.1,5.6
2015,soybean,161,illinois,rockisland,166,1.3,8.3,81,48.8,1,80,48.2,1.6,4,2.4,4.3,1,0.6,1.5
2015,corn,165,illinois,saline,180,6.1,8.3,27,15,2.6,12,6.7,4.3,49,27.2,6.6,92,51.1,7.1
2015,soybean,165,illinois,saline,174,3.2,7.8,60,34.5,1.7,50,28.7,1.6,41,23.6,5.4,23,13.2,6.5
2018,corn,165,illinois,saline,108,4.67,6.8,29,26.9,4.74,16,14.8,6.4,16,14.8,3.5,47,43.5,4.43
2018,soybean,165,illinois,saline,249,2.95,6.7,157,63.1,1.88,26,10.4,1.85,32,12.9,6.04,34,13.7,5.82
2017,corn,165,illinois,saline,172,6.93,8.91,20,11.6,6.1,13,7.6,8.76,43,25,6.59,96,55.8,7
2017,soybean,165,illinois,saline,180,2.76,5.03,62,34.4,1.29,8,4.4,0.95,30,16.7,2.75,80,44.4,4.1
2015,corn,167,illinois,sangamon,253,2.9,5.3,31,12.3,1.8,28,11.1,1.2,153,60.5,3.2,41,16.2,3.8
2015,soybean,167,illinois,sangamon,222,1.1,3.6,60,27,0.6,92,41.4,0.9,69,31.1,1.8,1,0.5,8.5
2018,corn,167,illinois,sangamon,244,3.98,4.38,6,2.5,1.27,12,4.9,0.97,27,11.1,2.63,199,81.6,4.42
2018,soybean,167,illinois,sangamon,235,2.28,4.42,37,15.7,0.65,85,36.2,1.04,52,22.1,2.49,61,26,4.81
2017,corn,167,illinois,sangamon,266,3.75,4.01,3,1.1,0.73,12,4.5,0.74,15,5.6,2.25,236,88.7,4.04
2017,soybean,167,illinois,sangamon,212,2.48,3.67,19,9,0.89,57,26.9,1.01,33,15.6,1.37,103,48.6,3.94
2015,corn,169,illinois,schuyler,332,7.8,8.7,4,1.2,1,16,4.8,2.7,68,20.5,5.3,244,73.5,8.9
2015,soybean,169,illinois,schuyler,280,2.8,7,94,33.2,0.9,83,29.6,1.9,63,22.5,3.3,40,14.3,8.2
2018,corn,169,illinois,schuyler,310,7.56,9.29,40,12.9,0.96,15,4.8,1.44,16,5.2,6.66,239,77.1,9.11
2018,soybean,169,illinois,schuyler,313,1.95,6.89,133,42.5,0.91,119,38,1.65,33,10.5,3.74,27,8.6,6.26
2017,corn,169,illinois,schuyler,306,8.77,9.28,12,3.9,1.04,0,0,NA,10,3.3,4.84,284,92.8,9.23
2017,soybean,169,illinois,schuyler,317,3.61,6.87,105,33.1,0.93,28,8.8,1.92,68,21.5,3.61,116,36.6,6.45
2015,corn,171,illinois,scott,236,3.3,7.1,50,21.2,2.2,60,25.4,1.8,93,39.4,4,33,14,5.8
2015,soybean,171,illinois,scott,188,0.9,4.9,126,67,0.5,46,24.5,1.3,15,8,1.9,1,0.5,8.7
2018,corn,171,illinois,scott,235,3.11,6.96,69,29.4,1.4,13,5.5,2.38,124,52.8,3.68,29,12.3,5.03
2018,soybean,171,illinois,scott,192,1.05,5.23,116,60.4,0.56,51,26.6,1.7,24,12.5,1.9,1,0.5,5.25
2017,corn,171,illinois,scott,205,3.47,7.81,55,26.8,2.75,8,3.9,2.41,121,59,3.91,21,10.2,3.21
2017,soybean,171,illinois,scott,229,0.89,4.42,133,58.1,0.51,60,26.2,1.16,32,14,1.62,4,1.7,3.62
2015,corn,173,illinois,shelby,399,5,5.2,0,0,0,0,0,0,66,16.5,3.2,333,83.5,5.3
2015,soybean,173,illinois,shelby,375,2.4,4.4,49,13.1,0.6,81,21.6,1.9,216,57.6,2.6,29,7.7,4.9
2018,corn,173,illinois,shelby,394,4.28,4.91,0,0,NA,2,0.5,0.81,137,34.8,3.2,255,64.7,4.89
2018,soybean,173,illinois,shelby,409,2.33,4.67,22,5.4,0.63,158,38.6,1.56,199,48.7,2.84,30,7.3,4.28
2017,corn,173,illinois,shelby,410,4.26,5.36,3,0.7,0.55,31,7.6,1.66,173,42.2,3.61,203,49.5,5.26
2017,soybean,173,illinois,shelby,389,3.41,4.32,5,1.3,1.12,30,7.7,1.38,148,38,2.91,206,53,4.12
2015,corn,163,illinois,st clair,133,2.4,6.4,2,1.5,0.7,76,57.1,1.7,53,39.8,3.1,2,1.5,10.6
2018,corn,163,illinois,st clair,114,2.85,5.58,1,0.9,0.16,56,49.1,1.6,34,29.8,3.76,23,20.2,4.65
2018,soybean,163,illinois,st clair,143,1.06,3.99,40,28,0.48,77,53.8,0.89,20,14,1.88,6,4.2,4.34
2017,corn,163,illinois,st clair,147,4.29,5.92,2,1.4,0.88,26,17.7,0.99,56,38.1,3.32,63,42.9,6.63
2015,corn,175,illinois,stark,309,2.9,5,24,7.8,1,54,17.5,1.8,231,74.8,3.4,0,0,0
2015,soybean,175,illinois,stark,266,0.8,3.8,162,60.9,0.5,90,33.8,1.3,14,5.3,1.4,0,0,0
2018,corn,175,illinois,stark,321,2.73,5.21,60,18.7,0.96,50,15.6,1.97,211,65.7,3.41,0,0,NA
2018,soybean,175,illinois,stark,270,1.12,4.2,125,46.3,0.56,123,45.6,1.44,22,8.1,2.49,0,0,NA
2017,corn,175,illinois,stark,334,2.8,5.12,53,15.9,1.19,55,16.5,1.76,226,67.7,3.43,0,0,NA
2017,soybean,175,illinois,stark,261,1.12,4.14,120,46,0.6,100,38.3,1.3,41,15.7,2.23,0,0,NA
2015,soybean,163,illinois,st clair,151,0.7,3.6,104,68.9,0.4,39,25.8,1.3,8,5.3,2.3,0,0,0
2017,soybean,163,illinois,st clair,114,1.83,4.32,16,14,0.52,48,42.1,1.08,33,28.9,2.7,17,14.9,3.47
2015,corn,177,illinois,stephenson,378,3.2,5.8,79,20.9,2.8,148,39.2,2.2,92,24.3,3.6,59,15.6,5.5
2015,soybean,177,illinois,stephenson,164,1.4,5.1,84,51.2,0.6,65,39.6,1.9,9,5.5,2.5,6,3.7,4.7
2018,corn,177,illinois,stephenson,360,3.19,5.82,56,15.6,2.21,158,43.9,2.2,89,24.7,3.72,57,15.8,6.09
2018,soybean,177,illinois,stephenson,193,1.47,5.79,107,55.4,0.71,69,35.8,1.9,12,6.2,3.98,5,2.6,5.99
2017,corn,177,illinois,stephenson,368,3.71,6.29,91,24.7,2.11,81,22,2.15,71,19.3,3.55,125,34,5.97
2017,soybean,177,illinois,stephenson,179,1.85,4.82,77,43,0.63,47,26.3,1.85,23,12.8,2.13,32,17.9,4.59
2015,corn,179,illinois,tazewell,265,2.4,5.2,49,18.5,1.2,67,25.3,1,142,53.6,3.4,7,2.6,6
2015,soybean,179,illinois,tazewell,176,1.1,4,77,43.8,0.7,74,42,1.1,19,10.8,1.9,6,3.4,3.4
2018,corn,179,illinois,tazewell,222,2.45,5.09,67,30.2,1.11,28,12.6,1.34,94,42.3,3.12,33,14.9,4.25
2018,soybean,179,illinois,tazewell,225,1.33,4.22,74,32.9,0.91,94,41.8,1.08,52,23.1,2.23,5,2.2,3
2017,corn,179,illinois,tazewell,242,2.27,5.28,44,18.2,1.47,58,24,1.26,139,57.4,2.95,1,0.4,2.1
2017,soybean,179,illinois,tazewell,211,1.45,4.09,71,33.6,0.86,65,30.8,1.36,68,32.2,1.87,7,3.3,4.02
2015,corn,181,illinois,union,71,11.6,25.4,53,74.6,10.6,0,0,0,1,1.4,7.4,17,23.9,15.1
2015,soybean,181,illinois,union,82,6.6,19.5,55,67.1,4.7,0,0,0,5,6.1,6.1,22,26.8,11.4
2018,corn,181,illinois,union,72,22.05,28.86,10,13.9,6.79,14,19.4,19.51,14,19.4,22.97,34,47.2,27.2
2018,soybean,181,illinois,union,84,6.25,17.95,51,60.7,2.73,12,14.3,8.32,3,3.6,6.34,18,21.4,14.83
2017,corn,181,illinois,union,64,14.94,26.92,46,71.9,14.17,0,0,NA,1,1.6,16.69,17,26.6,16.93
2017,soybean,181,illinois,union,96,5.5,20.43,82,85.4,4.33,0,0,NA,0,0,NA,14,14.6,12.35
2015,corn,183,illinois,vermilion,227,3.3,3.8,6,2.6,0.5,4,1.8,0.5,67,29.5,2.3,150,66.1,4
2015,soybean,183,illinois,vermilion,233,0.9,2.4,76,32.6,0.3,83,35.6,0.7,58,24.9,1.3,16,6.9,2.8
2018,corn,183,illinois,vermilion,239,3.46,3.67,0,0,NA,7,2.9,0.74,25,10.5,2.52,207,86.6,3.66
2018,soybean,183,illinois,vermilion,219,1.38,2.83,9,4.1,0.32,89,40.6,0.72,87,39.7,1.59,34,15.5,2.87
2017,corn,183,illinois,vermilion,231,3.83,3.99,1,0.4,0.13,4,1.7,0.78,13,5.6,2.38,213,92.2,4
2017,soybean,183,illinois,vermilion,222,1.41,2.5,17,7.7,0.41,71,32,0.59,69,31.1,1.24,65,29.3,2.74
2015,corn,185,illinois,wabash,241,8.1,10.1,13,5.4,1.6,26,10.8,2.7,52,21.6,5.2,150,62.2,10.6
2015,soybean,185,illinois,wabash,218,1.6,5.9,107,49.1,0.7,77,35.3,1.9,24,11,3,10,4.6,4.6
2018,corn,185,illinois,wabash,216,8.19,10.3,9,4.2,0.71,32,14.8,2.81,39,18.1,6.32,136,63,10.49
2018,soybean,185,illinois,wabash,243,2.13,6.07,92,37.9,0.87,103,42.4,1.54,21,8.6,2.32,27,11.1,8.57
2017,corn,185,illinois,wabash,240,8.02,9.78,11,4.6,1.38,25,10.4,2.84,42,17.5,7.27,162,67.5,9.46
2017,soybean,185,illinois,wabash,216,2.55,6.5,108,50,0.99,36,16.7,2.29,25,11.6,4,47,21.8,5.54
2015,corn,187,illinois,warren,274,2.2,5.5,105,38.3,1,93,33.9,2.4,69,25.2,3.3,7,2.6,5.3
2015,soybean,187,illinois,warren,179,0.8,4.4,133,74.3,0.6,44,24.6,1.7,2,1.1,1.3,0,0,0
2018,corn,187,illinois,warren,229,1.66,4.95,57,24.9,1.43,75,32.8,1.71,88,38.4,1.69,9,3.9,2.38
2018,soybean,187,illinois,warren,209,0.86,4.3,90,43.1,0.78,101,48.3,0.79,15,7.2,0.9,3,1.4,1.92
2017,corn,187,illinois,warren,268,2.12,5.35,82,30.6,1.32,93,34.7,2.03,83,31,2.98,10,3.7,2.37
2017,soybean,187,illinois,warren,185,0.86,4.32,149,80.5,0.8,31,16.8,1.06,2,1.1,1.02,3,1.6,1.34
2015,corn,189,illinois,washington,273,7.9,8.1,3,1.1,1.3,3,1.1,1.7,3,1.1,3.2,264,96.7,8.1
2015,soybean,189,illinois,washington,391,3.7,4.3,20,5.1,0.6,23,5.9,1.1,33,8.4,2.1,315,80.6,4.2
2018,corn,189,illinois,washington,255,6.44,6.92,10,3.9,0.86,7,2.7,2.82,9,3.5,3.17,229,89.8,6.93
2018,soybean,189,illinois,washington,223,2.36,4.96,59,26.5,0.86,59,26.5,1.29,36,16.1,2.71,69,30.9,4.38
2017,corn,189,illinois,washington,NA,NA,NA,NA,NA,NA,NA,NA,NA,NA,NA,NA,NA,NA,NA
2017,soybean,189,illinois,washington,,,,,0,,,0,,,0,,,0,
2015,corn,191,illinois,wayne,141,5.6,8.2,24,17,1.7,17,12.1,2.4,17,12.1,4.3,83,58.9,7.6
2015,soybean,191,illinois,wayne,209,1.4,4.2,104,49.8,0.5,56,26.8,1.2,17,8.1,2,32,15.3,4.7
2018,corn,191,illinois,wayne,144,5.22,7.39,22,15.3,1.45,24,16.7,2.11,12,8.3,3.65,86,59.7,7.28
2018,soybean,191,illinois,wayne,216,2.17,5.37,123,56.9,1.06,41,19,2.03,9,4.2,2.34,43,19.9,5.46
2017,corn,191,illinois,wayne,148,5.33,7.23,22,14.9,1.42,16,10.8,2.52,11,7.4,4.1,99,66.9,6.78
2017,soybean,191,illinois,wayne,216,2.95,5.56,89,41.2,1.1,39,18.1,2.08,16,7.4,2.72,72,33.3,5.77
2015,corn,193,illinois,white,223,2.8,8.9,97,43.5,2.6,54,24.2,1.5,59,26.5,3.4,13,5.8,7.3
2015,soybean,193,illinois,white,219,0.9,5.7,163,74.4,0.7,25,11.4,1.6,22,10,1.8,9,4.1,2.4
2018,corn,193,illinois,white,170,4.68,9.07,52,30.6,1.64,15,8.8,3.13,18,10.6,5.18,85,50,6.71
2018,soybean,193,illinois,white,277,1.76,6.25,184,66.4,1.24,34,12.3,2.16,28,10.1,2.57,31,11.2,3.69
2017,corn,193,illinois,white,194,5.12,9.64,56,28.9,2.36,25,12.9,3.11,36,18.6,5.03,77,39.7,7.82
2017,soybean,193,illinois,white,261,2.19,5.9,137,52.5,1.18,22,8.4,1.87,33,12.6,2.37,69,26.4,4.2
2015,corn,195,illinois,whiteside,335,2.5,5,43,12.8,2.6,144,43,1.9,80,23.9,3.1,68,20.3,3.2
2015,soybean,195,illinois,whiteside,125,1.6,4.8,55,44,1.1,33,26.4,1.3,22,17.6,2.3,15,12,2.7
2018,corn,195,illinois,whiteside,331,2.42,5.34,42,12.7,1.19,164,49.5,2.07,66,19.9,2.83,59,17.8,3.8
2018,soybean,195,illinois,whiteside,123,1.18,4.05,47,38.2,0.56,45,36.6,1.41,26,21.1,1.71,5,4.1,2.14
2017,corn,195,illinois,whiteside,308,2.83,5.08,34,11,1.69,126,40.9,2.24,90,29.2,3.06,58,18.8,4.39
2017,soybean,195,illinois,whiteside,137,1.18,4.43,55,40.1,1.09,60,43.8,1.16,17,12.4,1.16,5,3.6,2.45
2015,corn,197,illinois,will,175,1.6,2.6,20,11.4,0.5,33,18.9,0.7,62,35.4,1.6,60,34.3,2.6
2015,soybean,197,illinois,will,178,0.6,1.7,91,51.1,0.3,64,36,0.5,18,10.1,1,5,2.8,5.1
2018,corn,197,illinois,will,169,1.25,2.24,3,1.8,0.24,65,38.5,1.07,79,46.7,1.36,22,13,1.56
2018,soybean,197,illinois,will,193,0.6,2.07,58,30.1,0.31,102,52.8,0.55,30,15.5,1.16,3,1.6,2.39
2017,corn,197,illinois,will,167,1.23,2.65,9,5.4,0.45,128,76.6,1.14,29,17.4,1.78,1,0.6,3.02
2017,soybean,197,illinois,will,194,0.66,1.91,19,9.8,0.31,154,79.4,0.59,21,10.8,1.56,0,0,NA
2015,corn,199,illinois,williamson,50,8.8,11.1,11,22,3.2,0,0,0,13,26,9.3,26,52,10.9
2015,soybean,199,illinois,williamson,93,4,8.3,36,38.7,1.8,0,0,0,27,29,5.2,30,32.3,5.7
2018,corn,199,illinois,williamson,54,7.75,10.39,10,18.5,5.56,3,5.6,8.26,11,20.4,6.88,30,55.6,8.75
2018,soybean,199,illinois,williamson,80,4.9,11.19,30,37.5,1.93,13,16.3,5.6,19,23.8,7.56,18,22.5,6.54
2017,corn,199,illinois,williamson,40,7.31,11.18,12,30,2.88,3,7.5,0.81,5,12.5,8.83,20,50,10.56
2017,soybean,199,illinois,williamson,66,5.61,11.03,33,50,3.17,3,4.5,1.28,14,21.2,8.71,16,24.2,8.73
2015,corn,201,illinois,winnebago,399,2.5,4.8,101,25.3,1.7,97,24.3,1.8,158,39.6,3.1,43,10.8,4.4
2015,soybean,201,illinois,winnebago,226,1.1,4.1,124,54.9,0.5,62,27.4,1.3,36,15.9,2,4,1.8,5.8
2018,corn,201,illinois,winnebago,386,2.37,4.9,130,33.7,1.85,114,29.5,1.79,105,27.2,3,37,9.6,4.17
2018,soybean,201,illinois,winnebago,250,1.15,4.34,132,52.8,0.78,91,36.4,1.37,25,10,1.64,2,0.8,10.06
2017,corn,201,illinois,winnebago,358,2.73,4.97,90,25.1,1.99,88,24.6,1.88,122,34.1,3.18,58,16.2,4.23
2017,soybean,201,illinois,winnebago,273,1.29,3.99,100,36.6,0.56,106,38.8,1.44,62,22.7,2.14,5,1.8,2.09
2015,corn,203,illinois,woodford,196,3.1,3.6,4,2,0.6,16,8.2,0.9,50,25.5,2.1,126,64.3,3.8
2015,soybean,203,illinois,woodford,188,1.1,2.7,71,37.8,0.3,38,20.2,0.7,47,25,1.4,32,17,2.9
2018,corn,203,illinois,woodford,190,2.72,3.69,35,18.4,0.68,15,7.9,0.53,36,18.9,2.11,104,54.7,3.93
2018,soybean,203,illinois,woodford,192,0.88,2.88,76,39.6,0.36,74,38.5,0.78,27,14.1,1.23,15,7.8,3.37
2017,corn,203,illinois,woodford,185,2.59,3.9,36,19.5,0.56,24,13,0.54,42,22.7,2.21,83,44.9,4.26
2017,soybean,203,illinois,woodford,203,0.95,2.59,86,42.4,0.25,58,28.6,0.71,35,17.2,1.69,24,11.8,2.97
